[{"model": "admin.logentry", "pk": 1, "fields": {"action_time": "2022-10-14T09:19:10.598Z", "user": 1, "content_type": 7, "object_id": "1", "object_repr": "Country object (1)", "action_flag": 1, "change_message": "[{\"added\": {}}]"}}, {"model": "admin.logentry", "pk": 2, "fields": {"action_time": "2022-10-14T09:19:16.023Z", "user": 1, "content_type": 8, "object_id": "1", "object_repr": "Rafgo", "action_flag": 1, "change_message": "[{\"added\": {}}]"}}, {"model": "admin.logentry", "pk": 3, "fields": {"action_time": "2022-10-14T09:24:49.141Z", "user": 1, "content_type": 8, "object_id": "1", "object_repr": "Rafgo", "action_flag": 3, "change_message": ""}}, {"model": "admin.logentry", "pk": 4, "fields": {"action_time": "2022-10-14T09:24:58.813Z", "user": 1, "content_type": 7, "object_id": "1", "object_repr": "Country object (1)", "action_flag": 3, "change_message": ""}}, {"model": "admin.logentry", "pk": 5, "fields": {"action_time": "2022-10-14T15:42:26.932Z", "user": 1, "content_type": 8, "object_id": "62", "object_repr": "BEOG NEERE", "action_flag": 1, "change_message": "[{\"added\": {}}]"}}, {"model": "admin.logentry", "pk": 6, "fields": {"action_time": "2022-10-14T15:49:55.251Z", "user": 1, "content_type": 8, "object_id": "62", "object_repr": "BEOG NEERE", "action_flag": 2, "change_message": "[{\"changed\": {\"fields\": [\"Description\"]}}]"}}, {"model": "admin.logentry", "pk": 7, "fields": {"action_time": "2022-10-14T16:18:15.362Z", "user": 1, "content_type": 8, "object_id": "62", "object_repr": "BEOG NEERE", "action_flag": 2, "change_message": "[]"}}, {"model": "admin.logentry", "pk": 8, "fields": {"action_time": "2022-10-14T16:24:41.736Z", "user": 1, "content_type": 8, "object_id": "54", "object_repr": "Synergie des OSC pour la Promotion des Droits Humains et de l'Environnement", "action_flag": 2, "change_message": "[{\"changed\": {\"fields\": [\"Name\", \"Short name\", \"Description\", \"Category\", \"Funded date\"]}}]"}}, {"model": "admin.logentry", "pk": 9, "fields": {"action_time": "2022-10-14T16:27:12.552Z", "user": 1, "content_type": 8, "object_id": "41", "object_repr": "Mouvement pour la Promotion du Respect et Egalité des Droits et Santé.", "action_flag": 2, "change_message": "[{\"changed\": {\"fields\": [\"Name\", \"Short name\", \"Description\", \"Category\", \"Funded date\"]}}]"}}, {"model": "admin.logentry", "pk": 10, "fields": {"action_time": "2022-10-14T16:27:30.642Z", "user": 1, "content_type": 8, "object_id": "62", "object_repr": "BEOG NEERE", "action_flag": 2, "change_message": "[]"}}, {"model": "admin.logentry", "pk": 11, "fields": {"action_time": "2022-10-14T16:28:59.835Z", "user": 1, "content_type": 8, "object_id": "61", "object_repr": "Youth Open Data", "action_flag": 2, "change_message": "[{\"changed\": {\"fields\": [\"Name\", \"Short name\", \"Description\", \"Category\", \"Funded date\"]}}]"}}, {"model": "admin.logentry", "pk": 12, "fields": {"action_time": "2022-10-14T16:29:25.190Z", "user": 1, "content_type": 8, "object_id": "60", "object_repr": "YORHA Group", "action_flag": 2, "change_message": "[{\"changed\": {\"fields\": [\"Name\", \"Short name\", \"Category\", \"Funded date\"]}}]"}}, {"model": "admin.logentry", "pk": 13, "fields": {"action_time": "2022-10-14T16:30:13.539Z", "user": 1, "content_type": 8, "object_id": "59", "object_repr": "WenakLabs", "action_flag": 2, "change_message": "[{\"changed\": {\"fields\": [\"Name\", \"Short name\", \"Description\", \"Category\", \"Funded date\"]}}]"}}, {"model": "admin.logentry", "pk": 14, "fields": {"action_time": "2022-10-14T16:31:45.900Z", "user": 1, "content_type": 8, "object_id": "58", "object_repr": "Tuwindi", "action_flag": 2, "change_message": "[{\"changed\": {\"fields\": [\"Short name\", \"Description\", \"Category\", \"Funded date\"]}}]"}}, {"model": "admin.logentry", "pk": 15, "fields": {"action_time": "2022-10-14T16:33:25.747Z", "user": 1, "content_type": 8, "object_id": "57", "object_repr": "Tribune Jeunes pour le Droit au Mali", "action_flag": 2, "change_message": "[{\"changed\": {\"fields\": [\"Name\", \"Short name\", \"Description\", \"Category\", \"Funded date\"]}}]"}}, {"model": "admin.logentry", "pk": 16, "fields": {"action_time": "2022-10-14T16:34:45.521Z", "user": 1, "content_type": 8, "object_id": "56", "object_repr": "TRI-Niger (Transparence Redevabilité Intégrité)", "action_flag": 2, "change_message": "[{\"changed\": {\"fields\": [\"Short name\", \"Description\", \"Category\", \"Funded date\"]}}]"}}, {"model": "admin.logentry", "pk": 17, "fields": {"action_time": "2022-10-14T16:37:13.468Z", "user": 1, "content_type": 8, "object_id": "55", "object_repr": "TournonsLaPage côté d'Ivoire", "action_flag": 2, "change_message": "[{\"changed\": {\"fields\": [\"Name\", \"Short name\", \"Description\", \"Category\", \"Funded date\"]}}]"}}, {"model": "admin.logentry", "pk": 18, "fields": {"action_time": "2022-10-14T16:37:21.277Z", "user": 1, "content_type": 8, "object_id": "54", "object_repr": "Synergie des OSC pour la Promotion des Droits Humains et de l'Environnement", "action_flag": 2, "change_message": "[]"}}, {"model": "admin.logentry", "pk": 19, "fields": {"action_time": "2022-10-14T16:39:03.686Z", "user": 1, "content_type": 8, "object_id": "53", "object_repr": "Réseau des Jeunes Entrepreneurs de Côte d'Ivoire (REJECI)", "action_flag": 2, "change_message": "[{\"changed\": {\"fields\": [\"Short name\", \"Description\", \"Category\", \"Funded date\"]}}]"}}, {"model": "admin.logentry", "pk": 20, "fields": {"action_time": "2022-10-14T16:40:43.494Z", "user": 1, "content_type": 8, "object_id": "52", "object_repr": "PSCI PGO", "action_flag": 2, "change_message": "[{\"changed\": {\"fields\": [\"Short name\", \"Description\", \"Category\", \"Funded date\"]}}]"}}, {"model": "admin.logentry", "pk": 21, "fields": {"action_time": "2022-10-14T16:42:57.525Z", "user": 1, "content_type": 8, "object_id": "51", "object_repr": "Plateforme nations des Citoyens Unis pour le Développement (PCUD)", "action_flag": 2, "change_message": "[{\"changed\": {\"fields\": [\"Short name\", \"Description\", \"Category\", \"Funded date\"]}}]"}}, {"model": "admin.logentry", "pk": 22, "fields": {"action_time": "2022-10-14T16:44:18.134Z", "user": 1, "content_type": 8, "object_id": "50", "object_repr": "Partage et Action en Synergie pour le Développement (PASYD)", "action_flag": 2, "change_message": "[{\"changed\": {\"fields\": [\"Short name\", \"Description\", \"Category\", \"Funded date\"]}}]"}}, {"model": "admin.logentry", "pk": 23, "fields": {"action_time": "2022-10-14T16:46:32.469Z", "user": 1, "content_type": 8, "object_id": "61", "object_repr": "Youth Open Data", "action_flag": 2, "change_message": "[]"}}, {"model": "admin.logentry", "pk": 24, "fields": {"action_time": "2022-10-14T16:52:25.074Z", "user": 1, "content_type": 8, "object_id": "49", "object_repr": "OSM Bénin", "action_flag": 2, "change_message": "[{\"changed\": {\"fields\": [\"Short name\", \"Description\", \"Category\", \"Funded date\"]}}]"}}, {"model": "admin.logentry", "pk": 25, "fields": {"action_time": "2022-10-14T16:55:13.734Z", "user": 1, "content_type": 8, "object_id": "48", "object_repr": "Organisation des Femmes Actives de Côte d'Ivoire (OFACI)", "action_flag": 2, "change_message": "[{\"changed\": {\"fields\": [\"Short name\", \"Description\", \"Category\", \"Funded date\"]}}]"}}, {"model": "admin.logentry", "pk": 26, "fields": {"action_time": "2022-10-14T16:56:47.312Z", "user": 1, "content_type": 8, "object_id": "47", "object_repr": "Organisation de la jeunesse féminine OJF", "action_flag": 2, "change_message": "[{\"changed\": {\"fields\": [\"Short name\", \"Description\", \"Category\", \"Funded date\"]}}]"}}, {"model": "admin.logentry", "pk": 27, "fields": {"action_time": "2022-10-14T16:58:01.183Z", "user": 1, "content_type": 8, "object_id": "46", "object_repr": "OpenStreetMap Mali", "action_flag": 2, "change_message": "[{\"changed\": {\"fields\": [\"Name\", \"Short name\", \"Description\", \"Category\", \"Funded date\"]}}]"}}, {"model": "admin.logentry", "pk": 28, "fields": {"action_time": "2022-10-14T17:00:12.791Z", "user": 1, "content_type": 8, "object_id": "45", "object_repr": "Open Burkina", "action_flag": 2, "change_message": "[{\"changed\": {\"fields\": [\"Short name\", \"Description\", \"Category\", \"Funded date\"]}}]"}}, {"model": "admin.logentry", "pk": 29, "fields": {"action_time": "2022-10-14T17:03:25.906Z", "user": 1, "content_type": 8, "object_id": "20", "object_repr": "Centre d'information et de documentation citoyenne (Cidoc)", "action_flag": 2, "change_message": "[{\"changed\": {\"fields\": [\"Short name\", \"Description\", \"Category\", \"Funded date\"]}}]"}}, {"model": "admin.logentry", "pk": 30, "fields": {"action_time": "2022-10-14T17:07:35.656Z", "user": 1, "content_type": 8, "object_id": "44", "object_repr": "ONG BAL'LAME", "action_flag": 2, "change_message": "[{\"changed\": {\"fields\": [\"Short name\", \"Description\", \"Category\", \"Funded date\"]}}]"}}, {"model": "admin.logentry", "pk": 31, "fields": {"action_time": "2022-10-14T17:08:02.088Z", "user": 1, "content_type": 8, "object_id": "43", "object_repr": "ONG AZHAR", "action_flag": 2, "change_message": "[{\"changed\": {\"fields\": [\"Short name\", \"Category\", \"Funded date\"]}}]"}}, {"model": "admin.logentry", "pk": 32, "fields": {"action_time": "2022-10-14T17:09:45.497Z", "user": 1, "content_type": 8, "object_id": "43", "object_repr": "ONG AZHAR", "action_flag": 2, "change_message": "[{\"changed\": {\"fields\": [\"Description\"]}}]"}}, {"model": "admin.logentry", "pk": 33, "fields": {"action_time": "2022-10-14T17:16:42.972Z", "user": 1, "content_type": 8, "object_id": "42", "object_repr": "ONG 3D", "action_flag": 2, "change_message": "[{\"changed\": {\"fields\": [\"Short name\", \"Category\", \"Funded date\"]}}]"}}, {"model": "admin.logentry", "pk": 34, "fields": {"action_time": "2022-10-14T17:20:53.989Z", "user": 1, "content_type": 8, "object_id": "42", "object_repr": "ONG 3D", "action_flag": 2, "change_message": "[{\"changed\": {\"fields\": [\"Description\"]}}]"}}, {"model": "admin.logentry", "pk": 35, "fields": {"action_time": "2022-10-14T17:21:05.772Z", "user": 1, "content_type": 8, "object_id": "41", "object_repr": "Mouvement pour la Promotion du Respect et Egalité des Droits et Santé.", "action_flag": 2, "change_message": "[{\"changed\": {\"fields\": [\"Description\"]}}]"}}, {"model": "admin.logentry", "pk": 36, "fields": {"action_time": "2022-10-14T17:21:19.515Z", "user": 1, "content_type": 8, "object_id": "41", "object_repr": "Mouvement pour la Promotion du Respect et Egalité des Droits et Santé.", "action_flag": 2, "change_message": "[]"}}, {"model": "admin.logentry", "pk": 37, "fields": {"action_time": "2022-10-14T17:21:53.215Z", "user": 1, "content_type": 8, "object_id": "40", "object_repr": "Mouvement pour la Démocratie Paritaire (MDParité)", "action_flag": 2, "change_message": "[{\"changed\": {\"fields\": [\"Short name\", \"Description\", \"Category\", \"Funded date\"]}}]"}}, {"model": "admin.logentry", "pk": 38, "fields": {"action_time": "2022-10-14T17:23:07.542Z", "user": 1, "content_type": 8, "object_id": "39", "object_repr": "Mouvement Alternatives Citoyenne", "action_flag": 2, "change_message": "[{\"changed\": {\"fields\": [\"Name\", \"Short name\", \"Description\", \"Category\", \"Funded date\"]}}]"}}, {"model": "admin.logentry", "pk": 39, "fields": {"action_time": "2022-10-14T17:24:01.132Z", "user": 1, "content_type": 8, "object_id": "38", "object_repr": "Les Mêmes Droits pour Tous", "action_flag": 2, "change_message": "[{\"changed\": {\"fields\": [\"Short name\", \"Description\", \"Category\", \"Funded date\"]}}]"}}, {"model": "admin.logentry", "pk": 40, "fields": {"action_time": "2022-10-14T17:25:16.328Z", "user": 1, "content_type": 8, "object_id": "37", "object_repr": "L'Observatoire pour la protection de l'environnement et des monuments historiques de Tanger (OPEMH)", "action_flag": 2, "change_message": "[{\"changed\": {\"fields\": [\"Short name\", \"Description\", \"Category\", \"Funded date\"]}}]"}}, {"model": "admin.logentry", "pk": 41, "fields": {"action_time": "2022-10-14T17:26:51.625Z", "user": 1, "content_type": 8, "object_id": "36", "object_repr": "Institut pour la Gouvernance  et Education Electorale", "action_flag": 2, "change_message": "[{\"changed\": {\"fields\": [\"Short name\", \"Description\", \"Category\", \"Funded date\"]}}]"}}, {"model": "admin.logentry", "pk": 42, "fields": {"action_time": "2022-10-14T17:27:13.787Z", "user": 1, "content_type": 8, "object_id": "35", "object_repr": "HODSAS RDCongo", "action_flag": 2, "change_message": "[{\"changed\": {\"fields\": [\"Short name\", \"Category\", \"Funded date\"]}}]"}}, {"model": "admin.logentry", "pk": 43, "fields": {"action_time": "2022-10-14T17:27:30.240Z", "user": 1, "content_type": 8, "object_id": "34", "object_repr": "Global Participe", "action_flag": 2, "change_message": "[{\"changed\": {\"fields\": [\"Short name\", \"Category\", \"Funded date\"]}}]"}}, {"model": "admin.logentry", "pk": 44, "fields": {"action_time": "2022-10-14T17:28:20.135Z", "user": 1, "content_type": 8, "object_id": "33", "object_repr": "Foyer de Créativité de la Société Civile", "action_flag": 2, "change_message": "[{\"changed\": {\"fields\": [\"Name\", \"Short name\", \"Description\", \"Category\", \"Funded date\"]}}]"}}, {"model": "admin.logentry", "pk": 45, "fields": {"action_time": "2022-10-14T17:28:49.917Z", "user": 1, "content_type": 8, "object_id": "32", "object_repr": "Forum Marocain des Jeunes Journalistes", "action_flag": 2, "change_message": "[{\"changed\": {\"fields\": [\"Short name\", \"Description\", \"Category\", \"Funded date\"]}}]"}}, {"model": "admin.logentry", "pk": 46, "fields": {"action_time": "2022-10-14T17:31:19.233Z", "user": 1, "content_type": 8, "object_id": "31", "object_repr": "Fondation Femme Plus", "action_flag": 2, "change_message": "[{\"changed\": {\"fields\": [\"Name\", \"Short name\", \"Description\", \"Category\", \"Funded date\"]}}]"}}, {"model": "admin.logentry", "pk": 47, "fields": {"action_time": "2022-10-14T17:33:02.791Z", "user": 1, "content_type": 8, "object_id": "30", "object_repr": "FONDATION CONSEIL JEUNE", "action_flag": 2, "change_message": "[{\"changed\": {\"fields\": [\"Short name\", \"Description\", \"Category\", \"Funded date\"]}}]"}}, {"model": "admin.logentry", "pk": 48, "fields": {"action_time": "2022-10-14T17:34:19.777Z", "user": 1, "content_type": 8, "object_id": "29", "object_repr": "Femmes, Actions et Développement", "action_flag": 2, "change_message": "[{\"changed\": {\"fields\": [\"Short name\", \"Description\", \"Category\", \"Funded date\"]}}]"}}, {"model": "admin.logentry", "pk": 49, "fields": {"action_time": "2022-10-14T17:34:28.394Z", "user": 1, "content_type": 8, "object_id": "29", "object_repr": "Femmes, Actions et Développement", "action_flag": 2, "change_message": "[]"}}, {"model": "admin.logentry", "pk": 50, "fields": {"action_time": "2022-10-14T17:36:25.793Z", "user": 1, "content_type": 8, "object_id": "28", "object_repr": "Femmes et Droits Humains", "action_flag": 2, "change_message": "[{\"changed\": {\"fields\": [\"Short name\", \"Description\", \"Category\", \"Funded date\"]}}]"}}, {"model": "admin.logentry", "pk": 51, "fields": {"action_time": "2022-10-14T17:36:51.321Z", "user": 1, "content_type": 8, "object_id": "28", "object_repr": "Femmes et Droits Humains", "action_flag": 2, "change_message": "[]"}}, {"model": "admin.logentry", "pk": 52, "fields": {"action_time": "2022-10-14T17:40:53.935Z", "user": 1, "content_type": 8, "object_id": "27", "object_repr": "Femmes Bladi pour le Développement et le Tourisme", "action_flag": 2, "change_message": "[{\"changed\": {\"fields\": [\"Short name\", \"Description\", \"Category\", \"Funded date\"]}}]"}}, {"model": "admin.logentry", "pk": 53, "fields": {"action_time": "2022-10-14T17:41:19.335Z", "user": 1, "content_type": 8, "object_id": "26", "object_repr": "Femmes Africaines", "action_flag": 2, "change_message": "[{\"changed\": {\"fields\": [\"Short name\", \"Category\", \"Funded date\"]}}]"}}, {"model": "admin.logentry", "pk": 54, "fields": {"action_time": "2022-10-14T17:41:35.733Z", "user": 1, "content_type": 8, "object_id": "25", "object_repr": "Espoir Pour Tous", "action_flag": 2, "change_message": "[{\"changed\": {\"fields\": [\"Short name\", \"Category\", \"Funded date\"]}}]"}}, {"model": "admin.logentry", "pk": 55, "fields": {"action_time": "2022-10-14T17:42:44.155Z", "user": 1, "content_type": 8, "object_id": "24", "object_repr": "CREFDI", "action_flag": 2, "change_message": "[{\"changed\": {\"fields\": [\"Short name\", \"Description\", \"Category\", \"Funded date\"]}}]"}}, {"model": "admin.logentry", "pk": 56, "fields": {"action_time": "2022-10-14T17:43:06.567Z", "user": 1, "content_type": 8, "object_id": "23", "object_repr": "CITOYEN POUR LA MEMOIRE DU CAMEROUN", "action_flag": 2, "change_message": "[{\"changed\": {\"fields\": [\"Short name\", \"Description\", \"Category\", \"Funded date\"]}}]"}}, {"model": "admin.logentry", "pk": 57, "fields": {"action_time": "2022-10-14T17:44:13.619Z", "user": 1, "content_type": 8, "object_id": "22", "object_repr": "Centre pour la Qualité du Droit et la Justice", "action_flag": 2, "change_message": "[{\"changed\": {\"fields\": [\"Short name\", \"Description\", \"Category\", \"Funded date\"]}}]"}}, {"model": "admin.logentry", "pk": 58, "fields": {"action_time": "2022-10-14T17:44:32.580Z", "user": 1, "content_type": 8, "object_id": "21", "object_repr": "Centre de Leadership féminin (CLEF)", "action_flag": 2, "change_message": "[{\"changed\": {\"fields\": [\"Short name\", \"Category\", \"Funded date\"]}}]"}}, {"model": "admin.logentry", "pk": 59, "fields": {"action_time": "2022-10-14T17:46:19.963Z", "user": 1, "content_type": 8, "object_id": "19", "object_repr": "Benin  Yali Alumni Association", "action_flag": 2, "change_message": "[{\"changed\": {\"fields\": [\"Short name\", \"Description\", \"Category\", \"Funded date\"]}}]"}}, {"model": "admin.logentry", "pk": 60, "fields": {"action_time": "2022-10-14T17:47:44.422Z", "user": 1, "content_type": 8, "object_id": "18", "object_repr": "Association tunisienne des contrôleurs publics", "action_flag": 2, "change_message": "[{\"changed\": {\"fields\": [\"Name\", \"Short name\", \"Description\", \"Category\", \"Funded date\"]}}]"}}, {"model": "admin.logentry", "pk": 61, "fields": {"action_time": "2022-10-14T17:48:36.680Z", "user": 1, "content_type": 8, "object_id": "15", "object_repr": "Association MAIDI", "action_flag": 2, "change_message": "[{\"changed\": {\"fields\": [\"Short name\", \"Category\", \"Funded date\"]}}]"}}, {"model": "admin.logentry", "pk": 62, "fields": {"action_time": "2022-10-14T17:51:23.907Z", "user": 1, "content_type": 8, "object_id": "17", "object_repr": "Association pour la Promotion du Droit à la Différence (APDD)", "action_flag": 2, "change_message": "[{\"changed\": {\"fields\": [\"Name\", \"Short name\", \"Description\", \"Category\", \"Funded date\"]}}]"}}, {"model": "admin.logentry", "pk": 63, "fields": {"action_time": "2022-10-14T17:52:50.207Z", "user": 1, "content_type": 8, "object_id": "16", "object_repr": "Association pour la promotion des personnes vulnérables", "action_flag": 2, "change_message": "[{\"changed\": {\"fields\": [\"Short name\", \"Description\", \"Category\", \"Funded date\"]}}]"}}, {"model": "admin.logentry", "pk": 64, "fields": {"action_time": "2022-10-14T17:54:07.743Z", "user": 1, "content_type": 8, "object_id": "15", "object_repr": "Association MAIDI", "action_flag": 2, "change_message": "[{\"changed\": {\"fields\": [\"Description\"]}}]"}}, {"model": "admin.logentry", "pk": 65, "fields": {"action_time": "2022-10-14T17:55:51.881Z", "user": 1, "content_type": 8, "object_id": "14", "object_repr": "Association des Blogueurs de Guinée - ABLOGUI", "action_flag": 2, "change_message": "[{\"changed\": {\"fields\": [\"Short name\", \"Description\", \"Category\", \"Funded date\"]}}]"}}, {"model": "admin.logentry", "pk": 66, "fields": {"action_time": "2022-10-14T17:56:26.437Z", "user": 1, "content_type": 8, "object_id": "13", "object_repr": "Association Démocratique des Femmes du Maroc (ADFM)", "action_flag": 2, "change_message": "[{\"changed\": {\"fields\": [\"Short name\", \"Category\", \"Funded date\"]}}]"}}, {"model": "admin.logentry", "pk": 67, "fields": {"action_time": "2022-10-14T17:58:30.858Z", "user": 1, "content_type": 8, "object_id": "12", "object_repr": "ASSOCIATION D ES  JEUNES  ENTREPRENANTS  DE BONASSAME ( AJE)", "action_flag": 2, "change_message": "[{\"changed\": {\"fields\": [\"Short name\", \"Description\", \"Category\", \"Funded date\"]}}]"}}, {"model": "admin.logentry", "pk": 68, "fields": {"action_time": "2022-10-14T17:58:54.001Z", "user": 1, "content_type": 8, "object_id": "12", "object_repr": "L'Association des Jeunes Entreprenants de Banassame (AJE Banassame)", "action_flag": 2, "change_message": "[{\"changed\": {\"fields\": [\"Name\"]}}]"}}, {"model": "admin.logentry", "pk": 69, "fields": {"action_time": "2022-10-14T18:00:45.224Z", "user": 1, "content_type": 8, "object_id": "11", "object_repr": "Association colombe blanche pour les droits des personnes en situation de l'handicap au Maroc", "action_flag": 2, "change_message": "[{\"changed\": {\"fields\": [\"Name\", \"Short name\", \"Description\", \"Category\", \"Funded date\"]}}]"}}, {"model": "admin.logentry", "pk": 70, "fields": {"action_time": "2022-10-14T18:03:22.017Z", "user": 1, "content_type": 8, "object_id": "10", "object_repr": "Association Be a Blessing", "action_flag": 2, "change_message": "[{\"changed\": {\"fields\": [\"Short name\", \"Description\", \"Category\", \"Funded date\"]}}]"}}, {"model": "admin.logentry", "pk": 71, "fields": {"action_time": "2022-10-14T18:04:24.291Z", "user": 1, "content_type": 8, "object_id": "9", "object_repr": "Appui au Développement et à la Santé Communautaire (ADESCO)", "action_flag": 2, "change_message": "[{\"changed\": {\"fields\": [\"Short name\", \"Description\", \"Category\", \"Funded date\"]}}]"}}, {"model": "admin.logentry", "pk": 72, "fields": {"action_time": "2022-10-14T18:04:40.192Z", "user": 1, "content_type": 8, "object_id": "9", "object_repr": "Appui au Développement et à la Santé Communautaire (ADESCO)", "action_flag": 2, "change_message": "[]"}}, {"model": "admin.logentry", "pk": 73, "fields": {"action_time": "2022-10-14T18:06:02.940Z", "user": 1, "content_type": 8, "object_id": "8", "object_repr": "Alliance Marocaine pour le Climat et Développement Durable", "action_flag": 2, "change_message": "[{\"changed\": {\"fields\": [\"Name\", \"Short name\", \"Description\", \"Category\", \"Funded date\"]}}]"}}, {"model": "admin.logentry", "pk": 74, "fields": {"action_time": "2022-10-14T18:07:01.383Z", "user": 1, "content_type": 8, "object_id": "7", "object_repr": "Aide, Assistance et Développement Communautaire De Côte d'Ivoire (ADC-CI)", "action_flag": 2, "change_message": "[{\"changed\": {\"fields\": [\"Short name\", \"Description\", \"Category\", \"Funded date\"]}}]"}}, {"model": "admin.logentry", "pk": 75, "fields": {"action_time": "2022-10-14T18:08:02.753Z", "user": 1, "content_type": 8, "object_id": "6", "object_repr": "Agence des Services et Système d'Information du Bénin", "action_flag": 2, "change_message": "[{\"changed\": {\"fields\": [\"Name\", \"Short name\", \"Description\", \"Category\", \"Funded date\"]}}]"}}, {"model": "admin.logentry", "pk": 76, "fields": {"action_time": "2022-10-14T18:09:04.659Z", "user": 1, "content_type": 8, "object_id": "5", "object_repr": "AfroLeadership", "action_flag": 2, "change_message": "[{\"changed\": {\"fields\": [\"Short name\", \"Description\", \"Category\", \"Funded date\"]}}]"}}, {"model": "admin.logentry", "pk": 77, "fields": {"action_time": "2022-10-14T18:10:12.459Z", "user": 1, "content_type": 8, "object_id": "4", "object_repr": "AfricTivistes", "action_flag": 2, "change_message": "[{\"changed\": {\"fields\": [\"Short name\", \"Description\", \"Category\", \"Funded date\"]}}]"}}, {"model": "admin.logentry", "pk": 78, "fields": {"action_time": "2022-10-14T18:10:42.723Z", "user": 1, "content_type": 8, "object_id": "3", "object_repr": "Action Mines Guinée", "action_flag": 2, "change_message": "[{\"changed\": {\"fields\": [\"Name\", \"Short name\", \"Description\", \"Category\", \"Funded date\"]}}]"}}, {"model": "admin.logentry", "pk": 79, "fields": {"action_time": "2022-10-14T18:11:10.465Z", "user": 1, "content_type": 8, "object_id": "2", "object_repr": "4CHABAB", "action_flag": 2, "change_message": "[{\"changed\": {\"fields\": [\"Short name\", \"Description\", \"Category\", \"Funded date\"]}}]"}}, {"model": "admin.logentry", "pk": 80, "fields": {"action_time": "2022-10-15T01:02:26.890Z", "user": 1, "content_type": 8, "object_id": "14", "object_repr": "Association des Blogueurs de Guinée - ABLOGUI", "action_flag": 2, "change_message": "[{\"changed\": {\"fields\": [\"Image logo\"]}}]"}}, {"model": "admin.logentry", "pk": 81, "fields": {"action_time": "2022-10-15T01:03:10.514Z", "user": 1, "content_type": 8, "object_id": "11", "object_repr": "Association colombe blanche pour les droits des personnes en situation de l'handicap au Maroc", "action_flag": 2, "change_message": "[{\"changed\": {\"fields\": [\"Image logo\"]}}]"}}, {"model": "admin.logentry", "pk": 82, "fields": {"action_time": "2022-10-15T01:03:32.250Z", "user": 1, "content_type": 8, "object_id": "4", "object_repr": "AfricTivistes", "action_flag": 2, "change_message": "[{\"changed\": {\"fields\": [\"Image logo\"]}}]"}}, {"model": "admin.logentry", "pk": 83, "fields": {"action_time": "2022-10-15T01:03:53.571Z", "user": 1, "content_type": 8, "object_id": "5", "object_repr": "AfroLeadership", "action_flag": 2, "change_message": "[{\"changed\": {\"fields\": [\"Image logo\"]}}]"}}, {"model": "admin.logentry", "pk": 84, "fields": {"action_time": "2022-10-15T01:04:08.122Z", "user": 1, "content_type": 8, "object_id": "2", "object_repr": "4CHABAB", "action_flag": 2, "change_message": "[{\"changed\": {\"fields\": [\"Image logo\"]}}]"}}, {"model": "admin.logentry", "pk": 85, "fields": {"action_time": "2022-10-15T01:04:25.833Z", "user": 1, "content_type": 8, "object_id": "6", "object_repr": "Agence des Services et Système d'Information du Bénin", "action_flag": 2, "change_message": "[{\"changed\": {\"fields\": [\"Image logo\"]}}]"}}, {"model": "admin.logentry", "pk": 86, "fields": {"action_time": "2022-10-15T01:04:39.849Z", "user": 1, "content_type": 8, "object_id": "7", "object_repr": "Aide, Assistance et Développement Communautaire De Côte d'Ivoire (ADC-CI)", "action_flag": 2, "change_message": "[{\"changed\": {\"fields\": [\"Image logo\"]}}]"}}, {"model": "admin.logentry", "pk": 87, "fields": {"action_time": "2022-10-15T01:04:59.541Z", "user": 1, "content_type": 8, "object_id": "8", "object_repr": "Alliance Marocaine pour le Climat et Développement Durable", "action_flag": 2, "change_message": "[{\"changed\": {\"fields\": [\"Image logo\"]}}]"}}, {"model": "admin.logentry", "pk": 88, "fields": {"action_time": "2022-10-15T01:05:16.168Z", "user": 1, "content_type": 8, "object_id": "9", "object_repr": "Appui au Développement et à la Santé Communautaire (ADESCO)", "action_flag": 2, "change_message": "[{\"changed\": {\"fields\": [\"Image logo\"]}}]"}}, {"model": "admin.logentry", "pk": 89, "fields": {"action_time": "2022-10-15T01:30:53.315Z", "user": 1, "content_type": 8, "object_id": "2", "object_repr": "4CHABAB", "action_flag": 2, "change_message": "[{\"changed\": {\"fields\": [\"Image logo\"]}}]"}}, {"model": "admin.logentry", "pk": 90, "fields": {"action_time": "2022-10-15T01:31:26.454Z", "user": 1, "content_type": 8, "object_id": "8", "object_repr": "Alliance Marocaine pour le Climat et Développement Durable", "action_flag": 2, "change_message": "[{\"changed\": {\"fields\": [\"Image logo\"]}}]"}}, {"model": "admin.logentry", "pk": 91, "fields": {"action_time": "2022-10-15T01:31:44.949Z", "user": 1, "content_type": 8, "object_id": "11", "object_repr": "Association colombe blanche pour les droits des personnes en situation de l'handicap au Maroc", "action_flag": 2, "change_message": "[{\"changed\": {\"fields\": [\"Image logo\"]}}]"}}, {"model": "admin.logentry", "pk": 92, "fields": {"action_time": "2022-10-15T01:46:13.727Z", "user": 1, "content_type": 8, "object_id": "13", "object_repr": "Association Démocratique des Femmes du Maroc (ADFM)", "action_flag": 2, "change_message": "[{\"changed\": {\"fields\": [\"Image logo\"]}}]"}}, {"model": "admin.logentry", "pk": 93, "fields": {"action_time": "2022-10-15T01:52:38.363Z", "user": 1, "content_type": 8, "object_id": "2", "object_repr": "4CHABAB", "action_flag": 2, "change_message": "[{\"changed\": {\"fields\": [\"Image logo\"]}}]"}}, {"model": "admin.logentry", "pk": 94, "fields": {"action_time": "2022-10-15T02:02:42.106Z", "user": 1, "content_type": 8, "object_id": "21", "object_repr": "Centre de Leadership féminin (CLEF)", "action_flag": 2, "change_message": "[{\"changed\": {\"fields\": [\"Image logo\"]}}]"}}, {"model": "admin.logentry", "pk": 95, "fields": {"action_time": "2022-10-15T02:04:54.970Z", "user": 1, "content_type": 8, "object_id": "2", "object_repr": "4CHABAB", "action_flag": 2, "change_message": "[{\"changed\": {\"fields\": [\"Description\"]}}]"}}, {"model": "admin.logentry", "pk": 96, "fields": {"action_time": "2022-10-15T02:14:44.935Z", "user": 1, "content_type": 8, "object_id": "37", "object_repr": "L'Observatoire pour la protection de l'environnement et des monuments historiques de Tanger (OPEMH)", "action_flag": 2, "change_message": "[{\"changed\": {\"fields\": [\"Image logo\"]}}]"}}, {"model": "admin.logentry", "pk": 97, "fields": {"action_time": "2022-10-15T02:20:12.881Z", "user": 1, "content_type": 8, "object_id": "32", "object_repr": "Forum Marocain des Jeunes Journalistes", "action_flag": 2, "change_message": "[{\"changed\": {\"fields\": [\"Image logo\"]}}]"}}, {"model": "admin.logentry", "pk": 98, "fields": {"action_time": "2022-10-15T02:33:46.398Z", "user": 1, "content_type": 8, "object_id": "27", "object_repr": "Femmes Bladi pour le Développement et le Tourisme", "action_flag": 2, "change_message": "[{\"changed\": {\"fields\": [\"Image logo\", \"Short name\"]}}]"}}, {"model": "admin.logentry", "pk": 99, "fields": {"action_time": "2022-10-15T03:19:55.818Z", "user": 1, "content_type": 8, "object_id": "39", "object_repr": "Mouvement Alternatives Citoyenne", "action_flag": 2, "change_message": "[{\"changed\": {\"fields\": [\"Image logo\", \"Short name\"]}}]"}}, {"model": "admin.logentry", "pk": 100, "fields": {"action_time": "2022-10-15T03:20:55.432Z", "user": 1, "content_type": 8, "object_id": "39", "object_repr": "Mouvement Alternatives Citoyenne", "action_flag": 2, "change_message": "[{\"changed\": {\"fields\": [\"Image logo\"]}}]"}}, {"model": "admin.logentry", "pk": 101, "fields": {"action_time": "2022-10-15T03:30:04.481Z", "user": 1, "content_type": 8, "object_id": "40", "object_repr": "Mouvement pour la Démocratie Paritaire (MDParité)", "action_flag": 2, "change_message": "[{\"changed\": {\"fields\": [\"Image logo\"]}}]"}}, {"model": "admin.logentry", "pk": 102, "fields": {"action_time": "2022-10-15T03:37:41.695Z", "user": 1, "content_type": 8, "object_id": "6", "object_repr": "Agence des Services et Système d'Information du Bénin", "action_flag": 2, "change_message": "[{\"changed\": {\"fields\": [\"Image logo\"]}}]"}}, {"model": "admin.logentry", "pk": 103, "fields": {"action_time": "2022-10-15T03:39:47.131Z", "user": 1, "content_type": 8, "object_id": "25", "object_repr": "Espoir Pour Tous", "action_flag": 2, "change_message": "[{\"changed\": {\"fields\": [\"Description\"]}}]"}}, {"model": "admin.logentry", "pk": 104, "fields": {"action_time": "2022-10-15T08:17:08.478Z", "user": 1, "content_type": 8, "object_id": "19", "object_repr": "Benin  Yali Alumni Association", "action_flag": 2, "change_message": "[{\"changed\": {\"fields\": [\"Image logo\"]}}]"}}, {"model": "admin.logentry", "pk": 105, "fields": {"action_time": "2022-10-15T08:22:54.458Z", "user": 1, "content_type": 8, "object_id": "25", "object_repr": "Espoir Pour Tous", "action_flag": 2, "change_message": "[{\"changed\": {\"fields\": [\"Image logo\"]}}]"}}, {"model": "admin.logentry", "pk": 106, "fields": {"action_time": "2022-10-15T08:33:29.756Z", "user": 1, "content_type": 8, "object_id": "49", "object_repr": "OSM Bénin", "action_flag": 2, "change_message": "[{\"changed\": {\"fields\": [\"Image logo\"]}}]"}}, {"model": "admin.logentry", "pk": 107, "fields": {"action_time": "2022-10-15T08:42:19.078Z", "user": 1, "content_type": 8, "object_id": "19", "object_repr": "Benin  Yali Alumni Association", "action_flag": 2, "change_message": "[{\"changed\": {\"fields\": [\"Image logo\"]}}]"}}, {"model": "admin.logentry", "pk": 108, "fields": {"action_time": "2022-10-15T08:45:12.965Z", "user": 1, "content_type": 8, "object_id": "25", "object_repr": "Espoir Pour Tous", "action_flag": 2, "change_message": "[{\"changed\": {\"fields\": [\"Image logo\"]}}]"}}, {"model": "admin.logentry", "pk": 109, "fields": {"action_time": "2022-10-15T08:58:19.922Z", "user": 1, "content_type": 8, "object_id": "22", "object_repr": "Centre pour la Qualité du Droit et la Justice", "action_flag": 2, "change_message": "[{\"changed\": {\"fields\": [\"Image logo\"]}}]"}}, {"model": "admin.logentry", "pk": 110, "fields": {"action_time": "2022-10-15T09:02:35.328Z", "user": 1, "content_type": 8, "object_id": "45", "object_repr": "Open Burkina", "action_flag": 2, "change_message": "[{\"changed\": {\"fields\": [\"Image logo\"]}}]"}}, {"model": "admin.logentry", "pk": 111, "fields": {"action_time": "2022-10-15T09:03:53.549Z", "user": 1, "content_type": 8, "object_id": "20", "object_repr": "Centre d'information et de documentation citoyenne (Cidoc)", "action_flag": 2, "change_message": "[{\"changed\": {\"fields\": [\"Image logo\"]}}]"}}, {"model": "admin.logentry", "pk": 112, "fields": {"action_time": "2022-10-15T09:13:54.182Z", "user": 1, "content_type": 8, "object_id": "61", "object_repr": "Youth Open Data", "action_flag": 2, "change_message": "[{\"changed\": {\"fields\": [\"Image logo\"]}}]"}}, {"model": "admin.logentry", "pk": 113, "fields": {"action_time": "2022-10-15T09:22:47.148Z", "user": 1, "content_type": 8, "object_id": "47", "object_repr": "Organisation de la Jeunesse Féminine (OJF)", "action_flag": 2, "change_message": "[{\"changed\": {\"fields\": [\"Name\", \"Image logo\", \"Description\"]}}]"}}, {"model": "admin.logentry", "pk": 114, "fields": {"action_time": "2022-10-15T09:27:16.380Z", "user": 1, "content_type": 8, "object_id": "62", "object_repr": "BEOG NEERE", "action_flag": 2, "change_message": "[{\"changed\": {\"fields\": [\"Image logo\"]}}]"}}, {"model": "admin.logentry", "pk": 115, "fields": {"action_time": "2022-10-15T10:28:48.178Z", "user": 1, "content_type": 8, "object_id": "34", "object_repr": "Global Participe", "action_flag": 2, "change_message": "[{\"changed\": {\"fields\": [\"Image logo\", \"Description\"]}}]"}}, {"model": "admin.logentry", "pk": 116, "fields": {"action_time": "2022-10-15T10:38:38.038Z", "user": 1, "content_type": 8, "object_id": "60", "object_repr": "YORHA Group", "action_flag": 2, "change_message": "[{\"changed\": {\"fields\": [\"Image logo\", \"Description\"]}}]"}}, {"model": "admin.logentry", "pk": 117, "fields": {"action_time": "2022-10-15T10:54:04.171Z", "user": 1, "content_type": 8, "object_id": "15", "object_repr": "Association MAIDI", "action_flag": 2, "change_message": "[{\"changed\": {\"fields\": [\"Image logo\"]}}]"}}, {"model": "admin.logentry", "pk": 118, "fields": {"action_time": "2022-10-15T10:56:27.305Z", "user": 1, "content_type": 8, "object_id": "15", "object_repr": "Association MAIDI", "action_flag": 2, "change_message": "[{\"changed\": {\"fields\": [\"Image logo\"]}}]"}}, {"model": "admin.logentry", "pk": 119, "fields": {"action_time": "2022-10-15T11:04:20.015Z", "user": 1, "content_type": 8, "object_id": "4", "object_repr": "AfricTivistes", "action_flag": 2, "change_message": "[{\"changed\": {\"fields\": [\"Image logo\", \"Description\"]}}]"}}, {"model": "admin.logentry", "pk": 120, "fields": {"action_time": "2022-10-15T11:18:21.653Z", "user": 1, "content_type": 8, "object_id": "42", "object_repr": "ONG 3D", "action_flag": 2, "change_message": "[{\"changed\": {\"fields\": [\"Image logo\", \"Description\"]}}]"}}, {"model": "admin.logentry", "pk": 121, "fields": {"action_time": "2022-10-15T11:29:03.404Z", "user": 1, "content_type": 8, "object_id": "59", "object_repr": "WenakLabs", "action_flag": 2, "change_message": "[{\"changed\": {\"fields\": [\"Image logo\"]}}]"}}, {"model": "admin.logentry", "pk": 122, "fields": {"action_time": "2022-10-15T11:36:26.546Z", "user": 1, "content_type": 8, "object_id": "17", "object_repr": "Association pour la Promotion du Droit à la Différence (APDD)", "action_flag": 2, "change_message": "[{\"changed\": {\"fields\": [\"Image logo\"]}}]"}}, {"model": "admin.logentry", "pk": 123, "fields": {"action_time": "2022-10-15T11:44:10.980Z", "user": 1, "content_type": 8, "object_id": "18", "object_repr": "Association tunisienne des contrôleurs publics", "action_flag": 2, "change_message": "[{\"changed\": {\"fields\": [\"Image logo\"]}}]"}}, {"model": "admin.logentry", "pk": 124, "fields": {"action_time": "2022-10-15T11:47:32.469Z", "user": 1, "content_type": 8, "object_id": "4", "object_repr": "AfricTivistes", "action_flag": 2, "change_message": "[{\"changed\": {\"fields\": [\"Image logo\"]}}]"}}, {"model": "admin.logentry", "pk": 125, "fields": {"action_time": "2022-10-15T12:08:10.682Z", "user": 1, "content_type": 8, "object_id": "29", "object_repr": "Femmes, Actions et Développement (ONG FAD)", "action_flag": 2, "change_message": "[{\"changed\": {\"fields\": [\"Name\", \"Image logo\"]}}]"}}, {"model": "admin.logentry", "pk": 126, "fields": {"action_time": "2022-10-15T12:31:28.209Z", "user": 1, "content_type": 8, "object_id": "44", "object_repr": "ONG BAL'LAME", "action_flag": 2, "change_message": "[{\"changed\": {\"fields\": [\"Image logo\"]}}]"}}, {"model": "admin.logentry", "pk": 127, "fields": {"action_time": "2022-10-15T12:36:54.629Z", "user": 1, "content_type": 8, "object_id": "56", "object_repr": "TRI-Niger (Transparence Redevabilité Intégrité)", "action_flag": 2, "change_message": "[{\"changed\": {\"fields\": [\"Image logo\"]}}]"}}, {"model": "admin.logentry", "pk": 128, "fields": {"action_time": "2022-10-15T12:39:46.187Z", "user": 1, "content_type": 8, "object_id": "29", "object_repr": "Femmes, Actions et Développement (ONG FAD)", "action_flag": 2, "change_message": "[{\"changed\": {\"fields\": [\"Image logo\"]}}]"}}, {"model": "admin.logentry", "pk": 129, "fields": {"action_time": "2022-10-15T12:46:13.156Z", "user": 1, "content_type": 8, "object_id": "3", "object_repr": "Action Mines Guinée", "action_flag": 2, "change_message": "[{\"changed\": {\"fields\": [\"Image logo\"]}}]"}}, {"model": "admin.logentry", "pk": 130, "fields": {"action_time": "2022-10-15T13:00:38.157Z", "user": 1, "content_type": 8, "object_id": "14", "object_repr": "Association des Blogueurs de Guinée - ABLOGUI", "action_flag": 2, "change_message": "[{\"changed\": {\"fields\": [\"Image logo\"]}}]"}}, {"model": "admin.logentry", "pk": 131, "fields": {"action_time": "2022-10-15T13:04:07.041Z", "user": 1, "content_type": 8, "object_id": "3", "object_repr": "Action Mines Guinée", "action_flag": 2, "change_message": "[{\"changed\": {\"fields\": [\"Image logo\"]}}]"}}, {"model": "admin.logentry", "pk": 132, "fields": {"action_time": "2022-10-15T13:15:15.911Z", "user": 1, "content_type": 8, "object_id": "38", "object_repr": "Les Mêmes Droits pour Tous", "action_flag": 2, "change_message": "[{\"changed\": {\"fields\": [\"Image logo\", \"Short name\", \"Description\"]}}]"}}, {"model": "admin.logentry", "pk": 133, "fields": {"action_time": "2022-10-15T13:19:56.640Z", "user": 1, "content_type": 8, "object_id": "51", "object_repr": "Plateforme nations des Citoyens Unis pour le Développement (PCUD)", "action_flag": 2, "change_message": "[{\"changed\": {\"fields\": [\"Image logo\"]}}]"}}, {"model": "admin.logentry", "pk": 134, "fields": {"action_time": "2022-10-15T13:24:49.247Z", "user": 1, "content_type": 8, "object_id": "9", "object_repr": "Appui au Développement et à la Santé Communautaire (ADESCO)", "action_flag": 2, "change_message": "[{\"changed\": {\"fields\": [\"Image logo\"]}}]"}}, {"model": "admin.logentry", "pk": 135, "fields": {"action_time": "2022-10-15T13:29:05.616Z", "user": 1, "content_type": 8, "object_id": "9", "object_repr": "Appui au Développement et à la Santé Communautaire (ADESCO)", "action_flag": 2, "change_message": "[{\"changed\": {\"fields\": [\"Description\"]}}]"}}, {"model": "admin.logentry", "pk": 136, "fields": {"action_time": "2022-10-15T13:30:44.146Z", "user": 1, "content_type": 8, "object_id": "9", "object_repr": "Appui au Développement et à la Santé Communautaire (ADESCO)", "action_flag": 2, "change_message": "[{\"changed\": {\"fields\": [\"Description\"]}}]"}}, {"model": "admin.logentry", "pk": 137, "fields": {"action_time": "2022-10-15T13:34:05.174Z", "user": 1, "content_type": 8, "object_id": "9", "object_repr": "Appui au Développement et à la Santé Communautaire (ADESCO)", "action_flag": 2, "change_message": "[{\"changed\": {\"fields\": [\"Description\", \"Category\"]}}]"}}, {"model": "admin.logentry", "pk": 138, "fields": {"action_time": "2022-10-15T13:35:55.762Z", "user": 1, "content_type": 8, "object_id": "9", "object_repr": "Appui au Développement et à la Santé Communautaire (ADESCO)", "action_flag": 2, "change_message": "[{\"changed\": {\"fields\": [\"Description\"]}}]"}}, {"model": "admin.logentry", "pk": 139, "fields": {"action_time": "2022-10-15T13:37:44.250Z", "user": 1, "content_type": 8, "object_id": "9", "object_repr": "Appui au Développement et à la Santé Communautaire (ADESCO)", "action_flag": 2, "change_message": "[{\"changed\": {\"fields\": [\"Description\"]}}]"}}, {"model": "admin.logentry", "pk": 140, "fields": {"action_time": "2022-10-15T13:40:35.239Z", "user": 1, "content_type": 8, "object_id": "9", "object_repr": "Appui au Développement et à la Santé Communautaire (ADESCO)", "action_flag": 2, "change_message": "[{\"changed\": {\"fields\": [\"Description\"]}}]"}}, {"model": "admin.logentry", "pk": 141, "fields": {"action_time": "2022-10-15T13:46:05.437Z", "user": 1, "content_type": 8, "object_id": "10", "object_repr": "Association Be a Blessing", "action_flag": 2, "change_message": "[{\"changed\": {\"fields\": [\"Image logo\"]}}]"}}, {"model": "admin.logentry", "pk": 142, "fields": {"action_time": "2022-10-15T13:51:09.741Z", "user": 1, "content_type": 8, "object_id": "50", "object_repr": "Partage et Action en Synergie pour le Développement (PASYD)", "action_flag": 2, "change_message": "[{\"changed\": {\"fields\": [\"Image logo\"]}}]"}}, {"model": "admin.logentry", "pk": 143, "fields": {"action_time": "2022-10-15T13:57:09.117Z", "user": 1, "content_type": 8, "object_id": "7", "object_repr": "Aide, Assistance et Développement Communautaire De Côte d'Ivoire (ADC-CI)", "action_flag": 2, "change_message": "[{\"changed\": {\"fields\": [\"Image logo\"]}}]"}}, {"model": "admin.logentry", "pk": 144, "fields": {"action_time": "2022-10-15T14:05:03.014Z", "user": 1, "content_type": 8, "object_id": "24", "object_repr": "Centre de Recherche et de Formation sur le Développement Intégré (CREFDI)", "action_flag": 2, "change_message": "[{\"changed\": {\"fields\": [\"Name\", \"Image logo\", \"Description\"]}}]"}}, {"model": "admin.logentry", "pk": 145, "fields": {"action_time": "2022-10-15T14:10:06.014Z", "user": 1, "content_type": 8, "object_id": "48", "object_repr": "Organisation des Femmes Actives de Côte d'Ivoire (OFACI)", "action_flag": 2, "change_message": "[{\"changed\": {\"fields\": [\"Image logo\"]}}]"}}, {"model": "admin.logentry", "pk": 146, "fields": {"action_time": "2022-10-15T14:12:21.047Z", "user": 1, "content_type": 8, "object_id": "48", "object_repr": "Organisation des Femmes Actives de Côte d'Ivoire (OFACI)", "action_flag": 2, "change_message": "[{\"changed\": {\"fields\": [\"Image logo\"]}}]"}}, {"model": "admin.logentry", "pk": 147, "fields": {"action_time": "2022-10-15T14:16:28.958Z", "user": 1, "content_type": 8, "object_id": "52", "object_repr": "PSCI PGO", "action_flag": 2, "change_message": "[{\"changed\": {\"fields\": [\"Image logo\"]}}]"}}, {"model": "admin.logentry", "pk": 148, "fields": {"action_time": "2022-10-15T14:22:05.390Z", "user": 1, "content_type": 8, "object_id": "58", "object_repr": "Tuwindi", "action_flag": 2, "change_message": "[{\"changed\": {\"fields\": [\"Image logo\"]}}]"}}, {"model": "admin.logentry", "pk": 149, "fields": {"action_time": "2022-10-15T18:10:27.455Z", "user": 1, "content_type": 8, "object_id": "53", "object_repr": "Réseau des Jeunes Entrepreneurs de Côte d'Ivoire (REJECI)", "action_flag": 2, "change_message": "[{\"changed\": {\"fields\": [\"Image logo\"]}}]"}}, {"model": "admin.logentry", "pk": 150, "fields": {"action_time": "2022-10-15T18:11:26.002Z", "user": 1, "content_type": 8, "object_id": "53", "object_repr": "Réseau des Jeunes Entrepreneurs de Côte d'Ivoire (REJECI)", "action_flag": 2, "change_message": "[{\"changed\": {\"fields\": [\"Description\"]}}]"}}, {"model": "admin.logentry", "pk": 151, "fields": {"action_time": "2022-10-15T18:19:47.599Z", "user": 1, "content_type": 8, "object_id": "55", "object_repr": "TournonsLaPage côté d'Ivoire", "action_flag": 2, "change_message": "[{\"changed\": {\"fields\": [\"Image logo\"]}}]"}}, {"model": "admin.logentry", "pk": 152, "fields": {"action_time": "2022-10-15T18:22:53.357Z", "user": 1, "content_type": 8, "object_id": "55", "object_repr": "TournonsLaPage côté d'Ivoire", "action_flag": 2, "change_message": "[{\"changed\": {\"fields\": [\"Image logo\"]}}]"}}, {"model": "admin.logentry", "pk": 153, "fields": {"action_time": "2022-10-15T18:24:27.232Z", "user": 1, "content_type": 8, "object_id": "55", "object_repr": "TournonsLaPage côté d'Ivoire", "action_flag": 2, "change_message": "[{\"changed\": {\"fields\": [\"Description\"]}}]"}}, {"model": "admin.logentry", "pk": 154, "fields": {"action_time": "2022-10-15T18:27:41.874Z", "user": 1, "content_type": 8, "object_id": "34", "object_repr": "Global Participe", "action_flag": 2, "change_message": "[{\"changed\": {\"fields\": [\"Image logo\"]}}]"}}, {"model": "admin.logentry", "pk": 155, "fields": {"action_time": "2022-10-15T18:29:16.609Z", "user": 1, "content_type": 8, "object_id": "10", "object_repr": "Association Be a Blessing", "action_flag": 2, "change_message": "[{\"changed\": {\"fields\": [\"Description\"]}}]"}}, {"model": "admin.logentry", "pk": 156, "fields": {"action_time": "2022-10-15T18:37:54.354Z", "user": 1, "content_type": 8, "object_id": "28", "object_repr": "Femmes et Droits Humains (FDH - Mali)", "action_flag": 2, "change_message": "[{\"changed\": {\"fields\": [\"Name\", \"Image logo\", \"Short name\", \"Description\"]}}]"}}, {"model": "admin.logentry", "pk": 157, "fields": {"action_time": "2022-10-15T18:50:07.834Z", "user": 1, "content_type": 8, "object_id": "46", "object_repr": "OpenStreetMap Mali", "action_flag": 2, "change_message": "[{\"changed\": {\"fields\": [\"Image logo\"]}}]"}}, {"model": "admin.logentry", "pk": 158, "fields": {"action_time": "2022-10-15T18:53:12.745Z", "user": 1, "content_type": 8, "object_id": "57", "object_repr": "Tribune Jeunes pour le Droit au Mali", "action_flag": 2, "change_message": "[{\"changed\": {\"fields\": [\"Image logo\"]}}]"}}, {"model": "admin.logentry", "pk": 159, "fields": {"action_time": "2022-10-15T18:54:49.390Z", "user": 1, "content_type": 8, "object_id": "43", "object_repr": "ONG AZHAR", "action_flag": 2, "change_message": "[{\"changed\": {\"fields\": [\"Image logo\"]}}]"}}, {"model": "admin.logentry", "pk": 160, "fields": {"action_time": "2022-10-15T18:58:45.996Z", "user": 1, "content_type": 8, "object_id": "5", "object_repr": "AfroLeadership", "action_flag": 2, "change_message": "[{\"changed\": {\"fields\": [\"Image logo\"]}}]"}}, {"model": "admin.logentry", "pk": 161, "fields": {"action_time": "2022-10-15T19:05:04.104Z", "user": 1, "content_type": 8, "object_id": "16", "object_repr": "Association pour la promotion des personnes vulnérables", "action_flag": 2, "change_message": "[{\"changed\": {\"fields\": [\"Image logo\"]}}]"}}, {"model": "admin.logentry", "pk": 162, "fields": {"action_time": "2022-10-15T19:08:45.389Z", "user": 1, "content_type": 8, "object_id": "30", "object_repr": "FONDATION CONSEIL JEUNE", "action_flag": 2, "change_message": "[{\"changed\": {\"fields\": [\"Image logo\"]}}]"}}, {"model": "admin.logentry", "pk": 163, "fields": {"action_time": "2022-10-15T19:34:10.019Z", "user": 1, "content_type": 8, "object_id": "23", "object_repr": "Citoyen Pour la Mémoire du Cameroun (CPMC)", "action_flag": 2, "change_message": "[{\"changed\": {\"fields\": [\"Name\", \"Image logo\", \"Short name\", \"Description\"]}}]"}}, {"model": "admin.logentry", "pk": 164, "fields": {"action_time": "2022-10-15T19:43:10.377Z", "user": 1, "content_type": 8, "object_id": "31", "object_repr": "Fondation Femme Plus", "action_flag": 2, "change_message": "[{\"changed\": {\"fields\": [\"Image logo\", \"Description\"]}}]"}}, {"model": "admin.logentry", "pk": 165, "fields": {"action_time": "2022-10-15T19:54:14.954Z", "user": 1, "content_type": 8, "object_id": "54", "object_repr": "Synergie des OSC pour la Promotion des Droits Humains et de l'Environnement", "action_flag": 2, "change_message": "[]"}}, {"model": "admin.logentry", "pk": 166, "fields": {"action_time": "2022-10-15T20:04:04.738Z", "user": 1, "content_type": 8, "object_id": "41", "object_repr": "Mouvement pour la Promotion du Respect et Egalité des Droits et Santé.", "action_flag": 2, "change_message": "[{\"changed\": {\"fields\": [\"Description\"]}}]"}}, {"model": "admin.logentry", "pk": 167, "fields": {"action_time": "2022-10-15T20:06:48.082Z", "user": 1, "content_type": 8, "object_id": "35", "object_repr": "HODSAS RDCongo", "action_flag": 2, "change_message": "[{\"changed\": {\"fields\": [\"Description\"]}}]"}}, {"model": "admin.logentry", "pk": 168, "fields": {"action_time": "2022-10-16T02:50:11.145Z", "user": 1, "content_type": 8, "object_id": "26", "object_repr": "Femmes Africaines", "action_flag": 2, "change_message": "[]"}}, {"model": "admin.logentry", "pk": 169, "fields": {"action_time": "2022-10-16T02:53:38.925Z", "user": 1, "content_type": 8, "object_id": "26", "object_repr": "Femmes Africaines", "action_flag": 2, "change_message": "[{\"changed\": {\"fields\": [\"Description\"]}}]"}}, {"model": "admin.logentry", "pk": 170, "fields": {"action_time": "2022-10-16T02:56:51.960Z", "user": 1, "content_type": 8, "object_id": "31", "object_repr": "Fondation Femme Plus", "action_flag": 2, "change_message": "[{\"changed\": {\"fields\": [\"Image logo\"]}}]"}}, {"model": "admin.logentry", "pk": 171, "fields": {"action_time": "2022-10-16T03:08:49.456Z", "user": 1, "content_type": 8, "object_id": "49", "object_repr": "OSM Bénin", "action_flag": 2, "change_message": "[{\"changed\": {\"fields\": [\"Image logo\"]}}]"}}, {"model": "admin.logentry", "pk": 172, "fields": {"action_time": "2022-10-25T12:01:34.806Z", "user": 1, "content_type": 8, "object_id": "62", "object_repr": "BEOG NEERE", "action_flag": 2, "change_message": "[{\"changed\": {\"fields\": [\"Image logo\"]}}]"}}, {"model": "admin.logentry", "pk": 173, "fields": {"action_time": "2022-10-25T12:04:08.233Z", "user": 1, "content_type": 8, "object_id": "62", "object_repr": "BEOG NEERE", "action_flag": 2, "change_message": "[{\"changed\": {\"fields\": [\"Image logo\"]}}]"}}, {"model": "admin.logentry", "pk": 174, "fields": {"action_time": "2022-10-25T12:04:35.601Z", "user": 1, "content_type": 8, "object_id": "61", "object_repr": "Youth Open Data", "action_flag": 2, "change_message": "[{\"changed\": {\"fields\": [\"Image logo\"]}}]"}}, {"model": "admin.logentry", "pk": 175, "fields": {"action_time": "2022-10-25T12:04:58.284Z", "user": 1, "content_type": 8, "object_id": "60", "object_repr": "YORHA Group", "action_flag": 2, "change_message": "[{\"changed\": {\"fields\": [\"Image logo\"]}}]"}}, {"model": "admin.logentry", "pk": 176, "fields": {"action_time": "2022-10-25T12:05:11.136Z", "user": 1, "content_type": 8, "object_id": "59", "object_repr": "WenakLabs", "action_flag": 2, "change_message": "[{\"changed\": {\"fields\": [\"Image logo\"]}}]"}}, {"model": "admin.logentry", "pk": 177, "fields": {"action_time": "2022-10-25T12:05:27.975Z", "user": 1, "content_type": 8, "object_id": "58", "object_repr": "Tuwindi", "action_flag": 2, "change_message": "[{\"changed\": {\"fields\": [\"Image logo\"]}}]"}}, {"model": "admin.logentry", "pk": 178, "fields": {"action_time": "2022-10-25T12:05:46.475Z", "user": 1, "content_type": 8, "object_id": "57", "object_repr": "Tribune Jeunes pour le Droit au Mali", "action_flag": 2, "change_message": "[{\"changed\": {\"fields\": [\"Image logo\"]}}]"}}, {"model": "admin.logentry", "pk": 179, "fields": {"action_time": "2022-10-25T12:06:01.749Z", "user": 1, "content_type": 8, "object_id": "56", "object_repr": "TRI-Niger (Transparence Redevabilité Intégrité)", "action_flag": 2, "change_message": "[{\"changed\": {\"fields\": [\"Image logo\"]}}]"}}, {"model": "admin.logentry", "pk": 180, "fields": {"action_time": "2022-10-25T12:06:17.186Z", "user": 1, "content_type": 8, "object_id": "55", "object_repr": "TournonsLaPage côté d'Ivoire", "action_flag": 2, "change_message": "[{\"changed\": {\"fields\": [\"Image logo\"]}}]"}}, {"model": "admin.logentry", "pk": 181, "fields": {"action_time": "2022-10-25T12:06:48.205Z", "user": 1, "content_type": 8, "object_id": "53", "object_repr": "Réseau des Jeunes Entrepreneurs de Côte d'Ivoire (REJECI)", "action_flag": 2, "change_message": "[{\"changed\": {\"fields\": [\"Image logo\"]}}]"}}, {"model": "admin.logentry", "pk": 182, "fields": {"action_time": "2022-10-25T12:07:04.427Z", "user": 1, "content_type": 8, "object_id": "52", "object_repr": "PSCI PGO", "action_flag": 2, "change_message": "[{\"changed\": {\"fields\": [\"Image logo\"]}}]"}}, {"model": "admin.logentry", "pk": 183, "fields": {"action_time": "2022-10-25T12:07:18.857Z", "user": 1, "content_type": 8, "object_id": "51", "object_repr": "Plateforme nations des Citoyens Unis pour le Développement (PCUD)", "action_flag": 2, "change_message": "[{\"changed\": {\"fields\": [\"Image logo\"]}}]"}}, {"model": "admin.logentry", "pk": 184, "fields": {"action_time": "2022-10-25T12:07:35.827Z", "user": 1, "content_type": 8, "object_id": "50", "object_repr": "Partage et Action en Synergie pour le Développement (PASYD)", "action_flag": 2, "change_message": "[{\"changed\": {\"fields\": [\"Image logo\"]}}]"}}, {"model": "admin.logentry", "pk": 185, "fields": {"action_time": "2022-10-25T12:07:49.321Z", "user": 1, "content_type": 8, "object_id": "49", "object_repr": "OSM Bénin", "action_flag": 2, "change_message": "[{\"changed\": {\"fields\": [\"Image logo\"]}}]"}}, {"model": "admin.logentry", "pk": 186, "fields": {"action_time": "2022-10-25T12:08:27.679Z", "user": 1, "content_type": 8, "object_id": "48", "object_repr": "Organisation des Femmes Actives de Côte d'Ivoire (OFACI)", "action_flag": 2, "change_message": "[{\"changed\": {\"fields\": [\"Image logo\"]}}]"}}, {"model": "admin.logentry", "pk": 187, "fields": {"action_time": "2022-10-25T12:08:46.889Z", "user": 1, "content_type": 8, "object_id": "47", "object_repr": "Organisation de la Jeunesse Féminine (OJF)", "action_flag": 2, "change_message": "[{\"changed\": {\"fields\": [\"Image logo\"]}}]"}}, {"model": "admin.logentry", "pk": 188, "fields": {"action_time": "2022-10-25T12:09:01.605Z", "user": 1, "content_type": 8, "object_id": "46", "object_repr": "OpenStreetMap Mali", "action_flag": 2, "change_message": "[{\"changed\": {\"fields\": [\"Image logo\"]}}]"}}, {"model": "admin.logentry", "pk": 189, "fields": {"action_time": "2022-10-25T12:09:19.793Z", "user": 1, "content_type": 8, "object_id": "45", "object_repr": "Open Burkina", "action_flag": 2, "change_message": "[{\"changed\": {\"fields\": [\"Image logo\"]}}]"}}, {"model": "admin.logentry", "pk": 190, "fields": {"action_time": "2022-10-25T12:09:36.160Z", "user": 1, "content_type": 8, "object_id": "44", "object_repr": "ONG BAL'LAME", "action_flag": 2, "change_message": "[{\"changed\": {\"fields\": [\"Image logo\"]}}]"}}, {"model": "admin.logentry", "pk": 191, "fields": {"action_time": "2022-10-25T12:09:59.480Z", "user": 1, "content_type": 8, "object_id": "43", "object_repr": "ONG AZHAR", "action_flag": 2, "change_message": "[{\"changed\": {\"fields\": [\"Image logo\"]}}]"}}, {"model": "admin.logentry", "pk": 192, "fields": {"action_time": "2022-10-25T12:10:20.620Z", "user": 1, "content_type": 8, "object_id": "42", "object_repr": "ONG 3D", "action_flag": 2, "change_message": "[{\"changed\": {\"fields\": [\"Image logo\"]}}]"}}, {"model": "admin.logentry", "pk": 193, "fields": {"action_time": "2022-10-25T12:11:05.310Z", "user": 1, "content_type": 8, "object_id": "40", "object_repr": "Mouvement pour la Démocratie Paritaire (MDParité)", "action_flag": 2, "change_message": "[{\"changed\": {\"fields\": [\"Image logo\"]}}]"}}, {"model": "admin.logentry", "pk": 194, "fields": {"action_time": "2022-10-25T12:12:01.403Z", "user": 1, "content_type": 8, "object_id": "39", "object_repr": "Mouvement Alternatives Citoyenne", "action_flag": 2, "change_message": "[{\"changed\": {\"fields\": [\"Image logo\"]}}]"}}, {"model": "admin.logentry", "pk": 195, "fields": {"action_time": "2022-10-25T12:12:23.690Z", "user": 1, "content_type": 8, "object_id": "38", "object_repr": "Les Mêmes Droits pour Tous", "action_flag": 2, "change_message": "[{\"changed\": {\"fields\": [\"Image logo\"]}}]"}}, {"model": "admin.logentry", "pk": 196, "fields": {"action_time": "2022-10-25T12:12:48.681Z", "user": 1, "content_type": 8, "object_id": "37", "object_repr": "L'Observatoire pour la protection de l'environnement et des monuments historiques de Tanger (OPEMH)", "action_flag": 2, "change_message": "[{\"changed\": {\"fields\": [\"Image logo\"]}}]"}}, {"model": "admin.logentry", "pk": 197, "fields": {"action_time": "2022-10-25T12:13:44.181Z", "user": 1, "content_type": 8, "object_id": "34", "object_repr": "Global Participe", "action_flag": 2, "change_message": "[{\"changed\": {\"fields\": [\"Image logo\"]}}]"}}, {"model": "admin.logentry", "pk": 198, "fields": {"action_time": "2022-10-25T12:14:13.943Z", "user": 1, "content_type": 8, "object_id": "32", "object_repr": "Forum Marocain des Jeunes Journalistes", "action_flag": 2, "change_message": "[{\"changed\": {\"fields\": [\"Image logo\"]}}]"}}, {"model": "admin.logentry", "pk": 199, "fields": {"action_time": "2022-10-25T12:14:51.183Z", "user": 1, "content_type": 8, "object_id": "31", "object_repr": "Fondation Femme Plus", "action_flag": 2, "change_message": "[{\"changed\": {\"fields\": [\"Image logo\"]}}]"}}, {"model": "admin.logentry", "pk": 200, "fields": {"action_time": "2022-10-25T12:15:13.595Z", "user": 1, "content_type": 8, "object_id": "30", "object_repr": "FONDATION CONSEIL JEUNE", "action_flag": 2, "change_message": "[{\"changed\": {\"fields\": [\"Image logo\"]}}]"}}, {"model": "admin.logentry", "pk": 201, "fields": {"action_time": "2022-10-25T12:18:51.890Z", "user": 1, "content_type": 8, "object_id": "29", "object_repr": "Femmes, Actions et Développement (ONG FAD)", "action_flag": 2, "change_message": "[{\"changed\": {\"fields\": [\"Image logo\"]}}]"}}, {"model": "admin.logentry", "pk": 202, "fields": {"action_time": "2022-10-25T12:20:03.964Z", "user": 1, "content_type": 8, "object_id": "28", "object_repr": "Femmes et Droits Humains (FDH - Mali)", "action_flag": 2, "change_message": "[{\"changed\": {\"fields\": [\"Image logo\"]}}]"}}, {"model": "admin.logentry", "pk": 203, "fields": {"action_time": "2022-10-25T12:30:07.964Z", "user": 1, "content_type": 8, "object_id": "27", "object_repr": "Femmes Bladi pour le Développement et le Tourisme", "action_flag": 2, "change_message": "[{\"changed\": {\"fields\": [\"Image logo\"]}}]"}}, {"model": "admin.logentry", "pk": 204, "fields": {"action_time": "2022-10-25T12:30:33.243Z", "user": 1, "content_type": 8, "object_id": "25", "object_repr": "Espoir Pour Tous", "action_flag": 2, "change_message": "[{\"changed\": {\"fields\": [\"Image logo\"]}}]"}}, {"model": "admin.logentry", "pk": 205, "fields": {"action_time": "2022-10-25T12:31:03.738Z", "user": 1, "content_type": 8, "object_id": "24", "object_repr": "Centre de Recherche et de Formation sur le Développement Intégré (CREFDI)", "action_flag": 2, "change_message": "[{\"changed\": {\"fields\": [\"Image logo\"]}}]"}}, {"model": "admin.logentry", "pk": 206, "fields": {"action_time": "2022-10-25T12:31:39.245Z", "user": 1, "content_type": 8, "object_id": "23", "object_repr": "Citoyen Pour la Mémoire du Cameroun (CPMC)", "action_flag": 2, "change_message": "[{\"changed\": {\"fields\": [\"Image logo\"]}}]"}}, {"model": "admin.logentry", "pk": 207, "fields": {"action_time": "2022-10-25T12:32:06.932Z", "user": 1, "content_type": 8, "object_id": "22", "object_repr": "Centre pour la Qualité du Droit et la Justice", "action_flag": 2, "change_message": "[{\"changed\": {\"fields\": [\"Image logo\"]}}]"}}, {"model": "admin.logentry", "pk": 208, "fields": {"action_time": "2022-10-25T12:32:36.703Z", "user": 1, "content_type": 8, "object_id": "21", "object_repr": "Centre de Leadership féminin (CLEF)", "action_flag": 2, "change_message": "[{\"changed\": {\"fields\": [\"Image logo\"]}}]"}}, {"model": "admin.logentry", "pk": 209, "fields": {"action_time": "2022-10-25T12:32:54.807Z", "user": 1, "content_type": 8, "object_id": "20", "object_repr": "Centre d'information et de documentation citoyenne (Cidoc)", "action_flag": 2, "change_message": "[{\"changed\": {\"fields\": [\"Image logo\"]}}]"}}, {"model": "admin.logentry", "pk": 210, "fields": {"action_time": "2022-10-25T12:33:06.835Z", "user": 1, "content_type": 8, "object_id": "19", "object_repr": "Benin  Yali Alumni Association", "action_flag": 2, "change_message": "[{\"changed\": {\"fields\": [\"Image logo\"]}}]"}}, {"model": "admin.logentry", "pk": 211, "fields": {"action_time": "2022-10-25T12:33:26.141Z", "user": 1, "content_type": 8, "object_id": "18", "object_repr": "Association tunisienne des contrôleurs publics", "action_flag": 2, "change_message": "[{\"changed\": {\"fields\": [\"Image logo\"]}}]"}}, {"model": "admin.logentry", "pk": 212, "fields": {"action_time": "2022-10-25T12:33:47.624Z", "user": 1, "content_type": 8, "object_id": "17", "object_repr": "Association pour la Promotion du Droit à la Différence (APDD)", "action_flag": 2, "change_message": "[{\"changed\": {\"fields\": [\"Image logo\"]}}]"}}, {"model": "admin.logentry", "pk": 213, "fields": {"action_time": "2022-10-25T12:34:06.792Z", "user": 1, "content_type": 8, "object_id": "16", "object_repr": "Association pour la promotion des personnes vulnérables", "action_flag": 2, "change_message": "[{\"changed\": {\"fields\": [\"Image logo\"]}}]"}}, {"model": "admin.logentry", "pk": 214, "fields": {"action_time": "2022-10-25T12:34:28.843Z", "user": 1, "content_type": 8, "object_id": "15", "object_repr": "Association MAIDI", "action_flag": 2, "change_message": "[{\"changed\": {\"fields\": [\"Image logo\"]}}]"}}, {"model": "admin.logentry", "pk": 215, "fields": {"action_time": "2022-10-25T12:34:52.796Z", "user": 1, "content_type": 8, "object_id": "14", "object_repr": "Association des Blogueurs de Guinée - ABLOGUI", "action_flag": 2, "change_message": "[{\"changed\": {\"fields\": [\"Image logo\"]}}]"}}, {"model": "admin.logentry", "pk": 216, "fields": {"action_time": "2022-10-25T12:35:13.483Z", "user": 1, "content_type": 8, "object_id": "13", "object_repr": "Association Démocratique des Femmes du Maroc (ADFM)", "action_flag": 2, "change_message": "[{\"changed\": {\"fields\": [\"Image logo\"]}}]"}}, {"model": "admin.logentry", "pk": 217, "fields": {"action_time": "2022-10-25T12:35:41.631Z", "user": 1, "content_type": 8, "object_id": "11", "object_repr": "Association colombe blanche pour les droits des personnes en situation de l'handicap au Maroc", "action_flag": 2, "change_message": "[{\"changed\": {\"fields\": [\"Image logo\"]}}]"}}, {"model": "admin.logentry", "pk": 218, "fields": {"action_time": "2022-10-25T12:36:00.350Z", "user": 1, "content_type": 8, "object_id": "10", "object_repr": "Association Be a Blessing", "action_flag": 2, "change_message": "[{\"changed\": {\"fields\": [\"Image logo\"]}}]"}}, {"model": "admin.logentry", "pk": 219, "fields": {"action_time": "2022-10-25T12:37:46.886Z", "user": 1, "content_type": 8, "object_id": "9", "object_repr": "Appui au Développement et à la Santé Communautaire (ADESCO)", "action_flag": 2, "change_message": "[{\"changed\": {\"fields\": [\"Image logo\"]}}]"}}, {"model": "admin.logentry", "pk": 220, "fields": {"action_time": "2022-10-25T12:38:17.205Z", "user": 1, "content_type": 8, "object_id": "8", "object_repr": "Alliance Marocaine pour le Climat et Développement Durable", "action_flag": 2, "change_message": "[{\"changed\": {\"fields\": [\"Image logo\"]}}]"}}, {"model": "admin.logentry", "pk": 221, "fields": {"action_time": "2022-10-25T12:38:34.561Z", "user": 1, "content_type": 8, "object_id": "7", "object_repr": "Aide, Assistance et Développement Communautaire De Côte d'Ivoire (ADC-CI)", "action_flag": 2, "change_message": "[{\"changed\": {\"fields\": [\"Image logo\"]}}]"}}, {"model": "admin.logentry", "pk": 222, "fields": {"action_time": "2022-10-25T12:38:49.249Z", "user": 1, "content_type": 8, "object_id": "6", "object_repr": "Agence des Services et Système d'Information du Bénin", "action_flag": 2, "change_message": "[{\"changed\": {\"fields\": [\"Image logo\"]}}]"}}, {"model": "admin.logentry", "pk": 223, "fields": {"action_time": "2022-10-25T12:39:02.369Z", "user": 1, "content_type": 8, "object_id": "5", "object_repr": "AfroLeadership", "action_flag": 2, "change_message": "[{\"changed\": {\"fields\": [\"Image logo\"]}}]"}}, {"model": "admin.logentry", "pk": 224, "fields": {"action_time": "2022-10-25T12:39:21.806Z", "user": 1, "content_type": 8, "object_id": "4", "object_repr": "AfricTivistes", "action_flag": 2, "change_message": "[{\"changed\": {\"fields\": [\"Image logo\"]}}]"}}, {"model": "admin.logentry", "pk": 225, "fields": {"action_time": "2022-10-25T12:39:38.113Z", "user": 1, "content_type": 8, "object_id": "3", "object_repr": "Action Mines Guinée", "action_flag": 2, "change_message": "[{\"changed\": {\"fields\": [\"Image logo\"]}}]"}}, {"model": "admin.logentry", "pk": 226, "fields": {"action_time": "2022-10-25T12:39:52.903Z", "user": 1, "content_type": 8, "object_id": "2", "object_repr": "4CHABAB", "action_flag": 2, "change_message": "[{\"changed\": {\"fields\": [\"Image logo\"]}}]"}}, {"model": "admin.logentry", "pk": 227, "fields": {"action_time": "2022-10-25T12:43:15.342Z", "user": 1, "content_type": 8, "object_id": "28", "object_repr": "Femmes et Droits Humains (FDH - Mali)", "action_flag": 2, "change_message": "[{\"changed\": {\"fields\": [\"Description\"]}}]"}}, {"model": "admin.logentry", "pk": 228, "fields": {"action_time": "2022-10-25T12:44:00.647Z", "user": 1, "content_type": 8, "object_id": "28", "object_repr": "Femmes et Droits Humains (FDH - Mali)", "action_flag": 2, "change_message": "[{\"changed\": {\"fields\": [\"Description\"]}}]"}}, {"model": "admin.logentry", "pk": 229, "fields": {"action_time": "2022-11-14T14:55:40.016Z", "user": 1, "content_type": 12, "object_id": "1", "object_repr": "admin's Profile", "action_flag": 2, "change_message": "[{\"changed\": {\"fields\": [\"Job title\", \"Bio\", \"Address\", \"City\", \"Country\", \"Zip code\"]}}]"}}, {"model": "admin.logentry", "pk": 230, "fields": {"action_time": "2022-11-15T10:04:15.578Z", "user": 1, "content_type": 12, "object_id": "1", "object_repr": "lingani's Profile", "action_flag": 2, "change_message": "[{\"changed\": {\"fields\": [\"User\"]}}]"}}, {"model": "admin.logentry", "pk": 231, "fields": {"action_time": "2022-11-15T11:52:45.463Z", "user": 1, "content_type": 11, "object_id": "1", "object_repr": "Lancement du rafgo", "action_flag": 1, "change_message": "[{\"added\": {}}]"}}, {"model": "admin.logentry", "pk": 232, "fields": {"action_time": "2022-11-15T11:53:47.860Z", "user": 1, "content_type": 11, "object_id": "1", "object_repr": "Lancement du rafgo", "action_flag": 2, "change_message": "[{\"changed\": {\"fields\": [\"Author\"]}}]"}}, {"model": "admin.logentry", "pk": 233, "fields": {"action_time": "2022-11-15T11:53:58.633Z", "user": 1, "content_type": 11, "object_id": "1", "object_repr": "Lancement du rafgo", "action_flag": 2, "change_message": "[{\"changed\": {\"fields\": [\"Author\"]}}]"}}, {"model": "admin.logentry", "pk": 234, "fields": {"action_time": "2022-11-15T12:50:08.107Z", "user": 1, "content_type": 11, "object_id": "1", "object_repr": "Lancement du rafgo", "action_flag": 2, "change_message": "[{\"changed\": {\"fields\": [\"Image\", \"Body\"]}}]"}}, {"model": "admin.logentry", "pk": 235, "fields": {"action_time": "2022-11-15T12:51:21.670Z", "user": 1, "content_type": 11, "object_id": "1", "object_repr": "Lancement du rafgo", "action_flag": 2, "change_message": "[{\"changed\": {\"fields\": [\"Status\"]}}]"}}, {"model": "admin.logentry", "pk": 236, "fields": {"action_time": "2022-11-16T15:50:52.840Z", "user": 1, "content_type": 14, "object_id": "1", "object_repr": "Rafgo", "action_flag": 2, "change_message": "[{\"changed\": {\"fields\": [\"Image\"]}}]"}}, {"model": "admin.logentry", "pk": 237, "fields": {"action_time": "2022-11-16T15:57:27.059Z", "user": 1, "content_type": 14, "object_id": "1", "object_repr": "Rafgo", "action_flag": 2, "change_message": "[{\"changed\": {\"fields\": [\"Image\"]}}]"}}, {"model": "admin.logentry", "pk": 238, "fields": {"action_time": "2022-11-16T15:57:47.846Z", "user": 1, "content_type": 14, "object_id": "2", "object_repr": "PGO", "action_flag": 2, "change_message": "[{\"changed\": {\"fields\": [\"Image\"]}}]"}}, {"model": "admin.logentry", "pk": 239, "fields": {"action_time": "2022-11-17T09:30:32.314Z", "user": 1, "content_type": 14, "object_id": "1", "object_repr": "Rafgo", "action_flag": 2, "change_message": "[{\"changed\": {\"fields\": [\"Image\"]}}]"}}, {"model": "admin.logentry", "pk": 240, "fields": {"action_time": "2022-11-17T09:31:01.855Z", "user": 1, "content_type": 14, "object_id": "1", "object_repr": "RAFGO", "action_flag": 2, "change_message": "[{\"changed\": {\"fields\": [\"Name\"]}}]"}}, {"model": "admin.logentry", "pk": 241, "fields": {"action_time": "2022-11-17T13:51:20.267Z", "user": 1, "content_type": 11, "object_id": "1", "object_repr": "Burkina Faso : BEOG NEERE rassemble une soixantaine d’OSC de 16 pays dans un même réseau", "action_flag": 2, "change_message": "[{\"changed\": {\"fields\": [\"Slug\", \"Featured\"]}}]"}}, {"model": "admin.logentry", "pk": 242, "fields": {"action_time": "2022-11-19T12:40:26.934Z", "user": 1, "content_type": 12, "object_id": "2", "object_repr": "malick's Profile", "action_flag": 1, "change_message": "[{\"added\": {}}]"}}, {"model": "admin.logentry", "pk": 243, "fields": {"action_time": "2022-11-19T12:41:32.092Z", "user": 1, "content_type": 4, "object_id": "2", "object_repr": "malick", "action_flag": 2, "change_message": "[{\"changed\": {\"fields\": [\"First name\", \"Last name\", \"Email address\", \"User permissions\"]}}]"}}, {"model": "admin.logentry", "pk": 244, "fields": {"action_time": "2022-11-19T12:41:51.034Z", "user": 1, "content_type": 4, "object_id": "2", "object_repr": "noel", "action_flag": 2, "change_message": "[{\"changed\": {\"fields\": [\"Username\"]}}]"}}, {"model": "auth.permission", "fields": {"name": "Can add log entry", "content_type": 1, "codename": "add_logentry"}}, {"model": "auth.permission", "fields": {"name": "Can change log entry", "content_type": 1, "codename": "change_logentry"}}, {"model": "auth.permission", "fields": {"name": "Can delete log entry", "content_type": 1, "codename": "delete_logentry"}}, {"model": "auth.permission", "fields": {"name": "Can view log entry", "content_type": 1, "codename": "view_logentry"}}, {"model": "auth.permission", "fields": {"name": "Can add permission", "content_type": 2, "codename": "add_permission"}}, {"model": "auth.permission", "fields": {"name": "Can change permission", "content_type": 2, "codename": "change_permission"}}, {"model": "auth.permission", "fields": {"name": "Can delete permission", "content_type": 2, "codename": "delete_permission"}}, {"model": "auth.permission", "fields": {"name": "Can view permission", "content_type": 2, "codename": "view_permission"}}, {"model": "auth.permission", "fields": {"name": "Can add group", "content_type": 3, "codename": "add_group"}}, {"model": "auth.permission", "fields": {"name": "Can change group", "content_type": 3, "codename": "change_group"}}, {"model": "auth.permission", "fields": {"name": "Can delete group", "content_type": 3, "codename": "delete_group"}}, {"model": "auth.permission", "fields": {"name": "Can view group", "content_type": 3, "codename": "view_group"}}, {"model": "auth.permission", "fields": {"name": "Can add user", "content_type": 4, "codename": "add_user"}}, {"model": "auth.permission", "fields": {"name": "Can change user", "content_type": 4, "codename": "change_user"}}, {"model": "auth.permission", "fields": {"name": "Can delete user", "content_type": 4, "codename": "delete_user"}}, {"model": "auth.permission", "fields": {"name": "Can view user", "content_type": 4, "codename": "view_user"}}, {"model": "auth.permission", "fields": {"name": "Can add content type", "content_type": 5, "codename": "add_contenttype"}}, {"model": "auth.permission", "fields": {"name": "Can change content type", "content_type": 5, "codename": "change_contenttype"}}, {"model": "auth.permission", "fields": {"name": "Can delete content type", "content_type": 5, "codename": "delete_contenttype"}}, {"model": "auth.permission", "fields": {"name": "Can view content type", "content_type": 5, "codename": "view_contenttype"}}, {"model": "auth.permission", "fields": {"name": "Can add session", "content_type": 6, "codename": "add_session"}}, {"model": "auth.permission", "fields": {"name": "Can change session", "content_type": 6, "codename": "change_session"}}, {"model": "auth.permission", "fields": {"name": "Can delete session", "content_type": 6, "codename": "delete_session"}}, {"model": "auth.permission", "fields": {"name": "Can view session", "content_type": 6, "codename": "view_session"}}, {"model": "auth.permission", "fields": {"name": "Can add country", "content_type": 7, "codename": "add_country"}}, {"model": "auth.permission", "fields": {"name": "Can change country", "content_type": 7, "codename": "change_country"}}, {"model": "auth.permission", "fields": {"name": "Can delete country", "content_type": 7, "codename": "delete_country"}}, {"model": "auth.permission", "fields": {"name": "Can view country", "content_type": 7, "codename": "view_country"}}, {"model": "auth.permission", "fields": {"name": "Can add organization", "content_type": 8, "codename": "add_organization"}}, {"model": "auth.permission", "fields": {"name": "Can change organization", "content_type": 8, "codename": "change_organization"}}, {"model": "auth.permission", "fields": {"name": "Can delete organization", "content_type": 8, "codename": "delete_organization"}}, {"model": "auth.permission", "fields": {"name": "Can view organization", "content_type": 8, "codename": "view_organization"}}, {"model": "auth.permission", "fields": {"name": "Can add tag", "content_type": 9, "codename": "add_tag"}}, {"model": "auth.permission", "fields": {"name": "Can change tag", "content_type": 9, "codename": "change_tag"}}, {"model": "auth.permission", "fields": {"name": "Can delete tag", "content_type": 9, "codename": "delete_tag"}}, {"model": "auth.permission", "fields": {"name": "Can view tag", "content_type": 9, "codename": "view_tag"}}, {"model": "auth.permission", "fields": {"name": "Can add tagged item", "content_type": 10, "codename": "add_taggeditem"}}, {"model": "auth.permission", "fields": {"name": "Can change tagged item", "content_type": 10, "codename": "change_taggeditem"}}, {"model": "auth.permission", "fields": {"name": "Can delete tagged item", "content_type": 10, "codename": "delete_taggeditem"}}, {"model": "auth.permission", "fields": {"name": "Can view tagged item", "content_type": 10, "codename": "view_taggeditem"}}, {"model": "auth.permission", "fields": {"name": "Can add article", "content_type": 11, "codename": "add_article"}}, {"model": "auth.permission", "fields": {"name": "Can change article", "content_type": 11, "codename": "change_article"}}, {"model": "auth.permission", "fields": {"name": "Can delete article", "content_type": 11, "codename": "delete_article"}}, {"model": "auth.permission", "fields": {"name": "Can view article", "content_type": 11, "codename": "view_article"}}, {"model": "auth.permission", "fields": {"name": "Can add profile", "content_type": 12, "codename": "add_profile"}}, {"model": "auth.permission", "fields": {"name": "Can change profile", "content_type": 12, "codename": "change_profile"}}, {"model": "auth.permission", "fields": {"name": "Can delete profile", "content_type": 12, "codename": "delete_profile"}}, {"model": "auth.permission", "fields": {"name": "Can view profile", "content_type": 12, "codename": "view_profile"}}, {"model": "auth.permission", "fields": {"name": "Can add comment", "content_type": 13, "codename": "add_comment"}}, {"model": "auth.permission", "fields": {"name": "Can change comment", "content_type": 13, "codename": "change_comment"}}, {"model": "auth.permission", "fields": {"name": "Can delete comment", "content_type": 13, "codename": "delete_comment"}}, {"model": "auth.permission", "fields": {"name": "Can view comment", "content_type": 13, "codename": "view_comment"}}, {"model": "auth.permission", "fields": {"name": "Can add category", "content_type": 14, "codename": "add_category"}}, {"model": "auth.permission", "fields": {"name": "Can change category", "content_type": 14, "codename": "change_category"}}, {"model": "auth.permission", "fields": {"name": "Can delete category", "content_type": 14, "codename": "delete_category"}}, {"model": "auth.permission", "fields": {"name": "Can view category", "content_type": 14, "codename": "view_category"}}, {"model": "auth.user", "fields": {"password": "pbkdf2_sha256$260000$wCdkQEBi09mWPyYQ7WgMAF$Yiq11b4IwGwu5qv/TOrUYeC4W74bh/FmKE9d7VjgMR8=", "last_login": "2022-11-19T12:43:11.647Z", "is_superuser": true, "username": "lingani", "first_name": "Malick", "last_name": "Lingani", "email": "malick.lingani@gmail.com", "is_staff": true, "is_active": true, "date_joined": "2022-10-14T09:16:40.393Z", "groups": [], "user_permissions": []}}, {"model": "auth.user", "fields": {"password": "pbkdf2_sha256$260000$CCjVS6a9qTxoqN90grhQC0$ESndSp4HEQfS15lbluy3qgSAGbMW55ULz1euare/lvM=", "last_login": "2022-11-19T12:44:42.963Z", "is_superuser": true, "username": "noel", "first_name": "Noel", "last_name": "Somé", "email": "noel.some@beog-neere.org", "is_staff": true, "is_active": true, "date_joined": "2022-10-25T15:31:55Z", "groups": [], "user_permissions": [1, 2, 3, 4, 9, 10, 11, 12, 5, 6, 7, 8, 13, 14, 15, 16, 41, 42, 43, 44, 53, 54, 55, 56, 49, 50, 51, 52, 45, 46, 47, 48, 17, 18, 19, 20, 21, 22, 23, 24, 33, 34, 35, 36, 37, 38, 39, 40, 25, 26, 27, 28, 29, 30, 31, 32]}}, {"model": "auth.user", "fields": {"password": "pbkdf2_sha256$260000$5IAdZm46Uzf2VO7ThzubIa$rQZdqFluhwaK/G3jGhrd4LBJz+B0r0B4rNxI83mDXm0=", "last_login": null, "is_superuser": false, "username": "admin", "first_name": "", "last_name": "", "email": "malick.lingani@gmail.com", "is_staff": false, "is_active": false, "date_joined": "2022-11-14T14:25:21.285Z", "groups": [], "user_permissions": []}}, {"model": "sessions.session", "pk": "37q7rhqcffyh4nueheo4ma23plcjkpw1", "fields": {"session_data": ".eJx1kd1OwzAMhV8F9RpXabp17S655w2QKidx20CbjPyUIcS7425DAiHu7Jzj89nKR9FjTlOfI4XemuJYVMX9zzeF-oXcJphndKMvtXcpWFVulvKmxvLRG5ofbt5fARPGiad3uGvlXnRKCzEcBnlouNFKUqvqg5SibbpGKd3UQmpZ77FhN3ZttatMLfdDx6GrpTcyPYZk9Ux3KocX6xAGjB4U-REcUSAIGCMtaibIjiB6e0aX0HJtfNRgCKoGTvgewaCLbILlKQtBuPDspeoiYS6OKWT6Q41Xx8Jky7ATjn4An1cKKXNvKEIKuGI-w8UpWMQRjc-j_y-zogCDD3kBbVerIZGeeLkh2NdMMAR02p8mzxfMHI86UQ4RIq9LKWzsbxQqu_3SFfP5BYeypsk:1ovHca:dC_6UeeDOkYvZ6aO_YmWzpzIRaXrbTMzNV6tV9VUDkQ", "expire_date": "2022-11-30T12:34:28.098Z"}}, {"model": "sessions.session", "pk": "3l5hpuzi2ol63p055jgzuzuq2fmhn9xo", "fields": {"session_data": ".eJxVjDsOwjAQBe_iGlnYjn-U9DmDtZtd4wCypTipEHeHSCmgfTPzXiLBtpa0dV7STOIilDj9bgjTg-sO6A711uTU6rrMKHdFHrTLsRE_r4f7d1Cgl28dLWYCn8k4tsHlHLR2Pg7ow8CGA0dNmM_KGcqojNaDi0DOBk8UUXvx_gDyKTf-:1ojKab:RTIhtc7Joymhh5tHjw7-XAEuBcEsdtVKCWKlLDYLzEo", "expire_date": "2022-10-28T13:19:01.615Z"}}, {"model": "sessions.session", "pk": "7gzu0uao9fl6zj2qkevl0hj4t1qr0x55", "fields": {"session_data": "e30:1ouaZx:hVGFFwuBGncSC7jAkwZqudr1BpUunz5ku5aVGWONjuM", "expire_date": "2022-11-28T14:36:53.169Z"}}, {"model": "sessions.session", "pk": "8koi36iif4xdgk606rkyhz66pc4hnl0g", "fields": {"session_data": "eyJ2aWV3ZWRfYXJ0aWNsZSByXHUwMGU5dW5pb24tYWZyaXF1ZS1ldC1tb3llbi1vcmllbnQtZHUtcGdvIjp0cnVlfQ:1oycFe:g74KFjT0WJSKxjTEl3ZMMWNAhxHl9KOTOJJbPRsqNzw", "expire_date": "2022-12-09T17:12:34.527Z"}}, {"model": "sessions.session", "pk": "99ug6e19m1lllpo0uke6pqvjirc8jrbh", "fields": {"session_data": "e30:1ouaZD:JQ8MalZDPscZXdLh3eA2BLNY-f44o5nk19IKgIqNdtQ", "expire_date": "2022-11-28T14:36:07.499Z"}}, {"model": "sessions.session", "pk": "awuycwja516xql0ec2aqkjrbemprhcc3", "fields": {"session_data": ".eJwdy0sKAjEQRdGtSM8ftBNB1yJIpfNaCjuJVKX8IO7d4OwM7v1MD-WT-SLWddm4S2E3rYJVvCGxXVFJI0zcWdJGRCW86UtqFx3OzRdkYn_AXd6OLNVHhHKOeaaU8f51dEpMp27B7w94pivC:1ow2bw:vv43PI9edqONihKjEhDkKU4O7E-DK17fyTP8dtebKbo", "expire_date": "2022-12-02T14:44:56.023Z"}}, {"model": "sessions.session", "pk": "d3pufwz4zdftu6aq5u3id9st4y9qzc7s", "fields": {"session_data": "eyJ2aWV3ZWRfYXJ0aWNsZSBzXHUwMGU5bWluYWlyZS1wYWdvZi1vdXZlcnR1cmUtZGVzLXRyYXZhdXgtXHUwMGUwLW91YWdhZG91Z291Ijp0cnVlfQ:1ovHsx:FTMW_Lo1z4zVQcEPIMSQAA0gU9MssO6X6t9XUbHJZxw", "expire_date": "2022-11-30T12:51:23.950Z"}}, {"model": "sessions.session", "pk": "hbsspw0opfi8s4kuj79ff7jtp8ceklf8", "fields": {"session_data": ".eJxVjEEOwiAQAP_C2ZCFFgoevfcNZLe7tVUDSWlPxr8bkh70OjOZt0p47Es6qmxpZXVVRl1-GeH0lNwEPzDfi55K3reVdEv0aaseC8vrdrZ_gwXr0rYYooXQB5kx4AQGemdd5wWttzwEduioA4I4GIbQGQBh8ORmotizqM8XwXo3WA:1onJGH:xQ8x0KCXWZHHFmAXbZPR6JQ4YRvpc2oKv72WSVW-M4g", "expire_date": "2022-11-08T12:42:29.832Z"}}, {"model": "sessions.session", "pk": "jcmkncfuhn0dx1ezwcvbgeh33sftv7v5", "fields": {"session_data": "e30:1ouaYl:V8MvFxl92417wk9yltQEcNlVuzJs3_rT1UxzvBffU-s", "expire_date": "2022-11-28T14:35:39.201Z"}}, {"model": "sessions.session", "pk": "onqstmkzk8l0lsjh952iq9zgednldspy", "fields": {"session_data": ".eJxVjMsOwiAURH_FsLYNpS0tLt37BybNBW5bfBQD3Gpi_HfRuHE5c87Mk60O72gHCMmZC27ikThHdXULuIDFDSY_Fp5WDIlythiLFGAFehRfk2cIE1hPkye2S4FwywagNA8UMQzOsh2r2F-nwZxx-QB7gmXypfFLCk6XH6X80VgevMXL_uf-HcwQ57xuoOlFy5U2nI_dKDqZg9ECe113QvBeKqm1kTUXRtQtyGyD6qumsrVoR8Veb89vVa8:1ovKbh:r3XXzY2lw8HJ6ilbfIt5PWMNqctXwAkN-bpYMukfdDg", "expire_date": "2022-11-30T15:45:45.631Z"}}, {"model": "sessions.session", "pk": "owoe0kvuyd2k5tubmr2vi6dgb63grdnc", "fields": {"session_data": "e30:1ouabH:qWMDGGA-Bzq4DGav2cmRPEz2iZE-ItgQ1Cen36C3VNY", "expire_date": "2022-11-28T14:38:15.970Z"}}, {"model": "sessions.session", "pk": "q3hmndsq59xa1spjzcb6wb9e5cel1wyw", "fields": {"session_data": ".eJxVjDsOwjAQBe_iGlnYjn-U9DmDtZtd4wCypTipEHeHSCmgfTPzXiLBtpa0dV7STOIilDj9bgjTg-sO6A711uTU6rrMKHdFHrTLsRE_r4f7d1Cgl28dLWYCn8k4tsHlHLR2Pg7ow8CGA0dNmM_KGcqojNaDi0DOBk8UUXvx_gDyKTf-:1ojNuG:v9EOzWXl9X0x96TQXikNrXuQageBTRdFxKuiB4wg6YU", "expire_date": "2022-10-28T16:51:32.841Z"}}, {"model": "sessions.session", "pk": "uo5gh3xzd0q6ffcs1fq93qmukm8yzs4s", "fields": {"session_data": ".eJxVjEtuxCAQRK8SsU5bGNvYnuXsc4NIVgPtMRkbIhryUZS7h4lmkezq86q-xIIlb0thSot34iRa8fg3M2ivFG6Fe8FwiY2NISdvmhvS3FtunqKj_Xxn_x1syFtd99hPapCzsVKu46pGXY01iibTjUrJSc_aGKs7qazqBtSVxnlq-9Z1aljnevrm6Z3cgil7u9ODKenqA8KKHMFQvEAgSgQJmekwO0EJBBz9B4aMvmoX2YIjaDW84ieDw8AVguO5SEl41O2vmpmwiFNOhb5_APCfYXM:1ovcaP:nNRxN6dS9rXBZW5S_l5IhPH2geYopw2z03C01WdWfdg", "expire_date": "2022-12-01T10:57:37.139Z"}}, {"model": "sessions.session", "pk": "vke2e5g9fog2rwid0co3wwhkquxldyet", "fields": {"session_data": ".eJxVjDsOwyAQBe9CHaFlDQZSpvcZ0PILTiKQjF1FuXtsyUXSzsx7b-ZoW4vbelrcHNmVIbv8Mk_hmeoh4oPqvfHQ6rrMnh8JP23nU4vpdTvbv4NCvexrjyCFNhrMMASVJZmdWMCsYrReBySKKQcBaAlQmARJjWGUOFi0oC37fAHJ6TcG:1owND8:lkpcUAfnE_inylQYTS5IKNivB4Cbs-EgXA7vN9m23yw", "expire_date": "2022-12-03T12:44:42.991Z"}}, {"model": "sessions.session", "pk": "w2qrbpk8ielnbn1temzl9wxn0yr65s8p", "fields": {"session_data": ".eJxVjDsOwjAQBe_iGlnYjn-U9DmDtZtd4wCypTipEHeHSCmgfTPzXiLBtpa0dV7STOIilDj9bgjTg-sO6A711uTU6rrMKHdFHrTLsRE_r4f7d1Cgl28dLWYCn8k4tsHlHLR2Pg7ow8CGA0dNmM_KGcqojNaDi0DOBk8UUXvx_gDyKTf-:1ojGob:QD4nNZxBoVVxNmJSmVw5Q29CZQAcspQhwd7envZVhjQ", "expire_date": "2022-10-28T09:17:13.006Z"}}, {"model": "sessions.session", "pk": "wfptw8oujm1sljhab40bmgr5r6cck62l", "fields": {"session_data": ".eJxljUtOxDAQRK-CsqYjx_nPkj03QIradicxk7QHf4AR4u54IAsQu-quV1UfxYQprlMK5CdrilNRFfe_fwr1mfhmmGfkxZXacfRWlTekPNxQPjpD28PB_ilYMaw53WAzyFaMSgsx97Psu3xoJWlQdS-lGLqxU0p3tZBa1i12mcZxqJrK1LKdx1z6aumNzIQ-Wr3RnUr-bBlhxuBAkVuAiTyBxxBoVxtBYoLg7DtyRJu1cUGDIag6uOA1gEEOGYL9KQlBuOfstxoDYSpO0Sf6t3oQia1jwNnbl0RAEXZ3JQbnLXEEk-CyuJ-Gzy81lXna:1ow0Os:8zej7FwGoffVHeUheMTwQMaKtFS2GYr_E87BphyOuuc", "expire_date": "2022-12-02T12:23:18.949Z"}}, {"model": "sessions.session", "pk": "yaoxrmnvvaygh91c4n7le7ck1sdqyzbu", "fields": {"session_data": ".eJxVjMEOwiAQRP-FsyF0KRQ8eu83kN2FStXQpLQn479Lkx70OPPezFsE3Lcc9prWMEdxFZ24_HaE_EzlAPGB5b5IXsq2ziQPRZ60ynGJ6XU73b-DjDW3dY-9A6M8sVLTMMFgW2CC5EgPAMpZb4nYagUM2qBtNnrX9V3UYCYvPl-3uTZ-:1onLvC:0A5bn7MPFyzYUGrlTcYdiHuX_eDXFwhmix8sZhZ4cNQ", "expire_date": "2022-11-08T15:32:54.081Z"}}, {"model": "website.country", "pk": 1, "fields": {"name": "Bénin", "code": "ben", "region": null, "status": ""}}, {"model": "website.country", "pk": 2, "fields": {"name": "Burkina Faso", "code": "bfa", "region": null, "status": ""}}, {"model": "website.country", "pk": 3, "fields": {"name": "Burundi", "code": "bdi", "region": null, "status": ""}}, {"model": "website.country", "pk": 4, "fields": {"name": "Cameroun", "code": "cmr", "region": null, "status": ""}}, {"model": "website.country", "pk": 5, "fields": {"name": "République centrafricaine", "code": "rca", "region": null, "status": ""}}, {"model": "website.country", "pk": 6, "fields": {"name": "Comores", "code": "com", "region": null, "status": ""}}, {"model": "website.country", "pk": 7, "fields": {"name": "Congo (RC)", "code": "cog", "region": null, "status": ""}}, {"model": "website.country", "pk": 8, "fields": {"name": "Congo (RDC)", "code": "rdc", "region": null, "status": ""}}, {"model": "website.country", "pk": 9, "fields": {"name": "Côte d'lvoire", "code": "rci", "region": null, "status": ""}}, {"model": "website.country", "pk": 10, "fields": {"name": "Djibouti", "code": "dji", "region": null, "status": ""}}, {"model": "website.country", "pk": 11, "fields": {"name": "Gabon", "code": "gab", "region": null, "status": ""}}, {"model": "website.country", "pk": 12, "fields": {"name": "Guinée", "code": "gin", "region": null, "status": ""}}, {"model": "website.country", "pk": 13, "fields": {"name": "Guinée équatoriale", "code": "gnq", "region": null, "status": ""}}, {"model": "website.country", "pk": 14, "fields": {"name": "Madagascar", "code": "mdg", "region": null, "status": ""}}, {"model": "website.country", "pk": 15, "fields": {"name": "Mali", "code": "mli", "region": null, "status": ""}}, {"model": "website.country", "pk": 16, "fields": {"name": "Niger", "code": "ner", "region": null, "status": ""}}, {"model": "website.country", "pk": 17, "fields": {"name": "Rwanda", "code": "rwa", "region": null, "status": ""}}, {"model": "website.country", "pk": 18, "fields": {"name": "Sénégal", "code": "sen", "region": null, "status": ""}}, {"model": "website.country", "pk": 19, "fields": {"name": "Seychelles", "code": "syc", "region": null, "status": ""}}, {"model": "website.country", "pk": 20, "fields": {"name": "Tchad", "code": "tcd", "region": null, "status": ""}}, {"model": "website.country", "pk": 21, "fields": {"name": "Togo", "code": "tgo", "region": null, "status": ""}}, {"model": "website.country", "pk": 22, "fields": {"name": "Tunisie", "code": "tun", "region": null, "status": ""}}, {"model": "website.country", "pk": 23, "fields": {"name": "Maroc", "code": "mar", "region": null, "status": ""}}, {"model": "website.organization", "pk": 2, "fields": {"name": "4CHABAB", "image_logo": "images/mar_4chabab.jpg", "short_name": "4CHABAB", "description": "4CHABAB est une organisation qui intervient dans les domaines suivants: jeunesse, participation citoyenne,  , la redevabilité.", "category": "OSC", "website_url": null, "facebooke_url": null, "twitter_url": null, "linkedin_url": null, "email": null, "phone": null, "funded_date": "2022-10-14", "country": 23}}, {"model": "website.organization", "pk": 3, "fields": {"name": "Action Mines Guinée", "image_logo": "images/gin_action_mine_guinee.jpg", "short_name": "Action Mines Guinée", "description": "Action Mines Guinée  intervient dans les domaines suivants: Gouvernance des industries extractives, protection de l'environnement et développement local durable.", "category": "OSC", "website_url": null, "facebooke_url": null, "twitter_url": null, "linkedin_url": null, "email": null, "phone": null, "funded_date": "2022-10-14", "country": 12}}, {"model": "website.organization", "pk": 4, "fields": {"name": "AfricTivistes", "image_logo": "images/sen_africtivistes.jpg", "short_name": "AfricTivistes", "description": "La Ligue Africaine des Blogueurs et Cyber-activistes pour la Démocratie communément appelée Africtivistes est une organisation panafricaine basée à Dakar où se trouve son siège. Africtivistes est l’union des blogueurs et web-activistes du continent pour promouvoir et défendre les valeurs démocratiques, les droits humains et la bonne gouvernance à travers le numérique.", "category": "OSC", "website_url": null, "facebooke_url": null, "twitter_url": null, "linkedin_url": null, "email": null, "phone": null, "funded_date": "2022-10-14", "country": 18}}, {"model": "website.organization", "pk": 5, "fields": {"name": "AfroLeadership", "image_logo": "images/cmr_afroleadership.jpg", "short_name": "AfroLeadership", "description": "AfroLeadership intervient dans les domaines suivants: Budgets Ouverts, Démocratie Participative, Gouvernement Ouvert, Données Ouvertes, Données Hyper-locales, Intelligence Artificielle, Droits humains en ligne.", "category": "OSC", "website_url": null, "facebooke_url": null, "twitter_url": null, "linkedin_url": null, "email": null, "phone": null, "funded_date": "2022-10-14", "country": 4}}, {"model": "website.organization", "pk": 6, "fields": {"name": "Agence des Services et Système d'Information du Bénin", "image_logo": "images/ben_assi.jpg", "short_name": "ASSIB", "description": "Agence des Services et Système d'Information du Bénin intervient dans l'Informatique et le développement durable.", "category": "OSC", "website_url": null, "facebooke_url": null, "twitter_url": null, "linkedin_url": null, "email": null, "phone": null, "funded_date": "2022-10-14", "country": 1}}, {"model": "website.organization", "pk": 7, "fields": {"name": "Aide, Assistance et Développement Communautaire De Côte d'Ivoire (ADC-CI)", "image_logo": "images/rci_adc_ci.jpg", "short_name": "ADC-CI", "description": "Aide, Assistance et Développement Communautaire De Côte d'Ivoire (ADC-CI) intervient dans les domaines suivants: Droits de l'Homme; Bonne Gouvernance; Démocratie ; Paix et Sécurité.", "category": "OSC", "website_url": null, "facebooke_url": null, "twitter_url": null, "linkedin_url": null, "email": null, "phone": null, "funded_date": "2022-10-14", "country": 9}}, {"model": "website.organization", "pk": 8, "fields": {"name": "Alliance Marocaine pour le Climat et Développement Durable", "image_logo": "images/mar_amcdd.jpg", "short_name": "AMCDD", "description": "Alliance Marocaine pour le Climat et Développement Durable  intervient principalement dans la protection de l'Environnement, la prévention et la mitigation des effets du Changement Climatique.", "category": "OSC", "website_url": null, "facebooke_url": null, "twitter_url": null, "linkedin_url": null, "email": null, "phone": null, "funded_date": "2022-10-14", "country": 23}}, {"model": "website.organization", "pk": 9, "fields": {"name": "Appui au Développement et à la Santé Communautaire (ADESCO)", "image_logo": "images/tog_adesco.jpg", "short_name": "ADESCO", "description": "Appui au Développement et à la Santé Communautaire (ADESCO) est une ONG qui œuvre depuis plus de 20 ans avec l’appui de ses partenaires pour que les personnes vulnérables et marginalisées aussi bien en milieu rural et urbain puissent jouir de leurs droits et aient accès aux soins et services de santé de base.", "category": "ONG", "website_url": null, "facebooke_url": null, "twitter_url": null, "linkedin_url": null, "email": null, "phone": null, "funded_date": "2022-10-14", "country": 21}}, {"model": "website.organization", "pk": 10, "fields": {"name": "Association Be a Blessing", "image_logo": "images/tog_be_a_blessing.jpg", "short_name": "Be a Blessing", "description": "L'Association Be a Blessing travaille dans l'Education et Autonomisation économique et sociale de la femme à travers les formations en entrepreneuriat,  le coaching et l'incubation des entreprises de femmes.", "category": "OSC", "website_url": null, "facebooke_url": null, "twitter_url": null, "linkedin_url": null, "email": null, "phone": null, "funded_date": "2022-10-14", "country": 21}}, {"model": "website.organization", "pk": 11, "fields": {"name": "Association colombe blanche pour les droits des personnes en situation de l'handicap au Maroc", "image_logo": "images/mar_acbdphm.jpg", "short_name": "ACBDPSH - Maroc", "description": "Association colombe blanche pour les droits des personnes en situation de l'handicap au Maroc  intervient dans les domaines suivants: (1) - Plaidoyer sur l’élaboration des textes juridiques et organisationnels qui ont un impact directe sur les PSH; (2) - Accompagnement des acteurs pour l' Intégration de la dimension du handicap dans les collectivités territoriales; (3)- Accompagner les collectivités locales dans la mise en œuvre des mécanismes de dialogue et concertation et promouvoir la démocratie participative; (4)- Renforcement des capacités des organisations de la société civile dans la Région.", "category": "OSC", "website_url": null, "facebooke_url": null, "twitter_url": null, "linkedin_url": null, "email": null, "phone": null, "funded_date": "2022-10-14", "country": 23}}, {"model": "website.organization", "pk": 12, "fields": {"name": "L'Association des Jeunes Entreprenants de Banassame (AJE Banassame)", "image_logo": "", "short_name": "AJE Banassame", "description": "L'Association des Jeunes Entreprenants de Banassame (AJE Banassame) intervient des les domaines suivants: Bonne  gouvernance  et  démocratie  locale,    Engagement  citoyen  des  jeunes,  Education  à  la  paix  et  aux  droits  humains,   lutte  contre  la  misère.", "category": "OSC", "website_url": null, "facebooke_url": null, "twitter_url": null, "linkedin_url": null, "email": null, "phone": null, "funded_date": "2022-10-14", "country": 4}}, {"model": "website.organization", "pk": 13, "fields": {"name": "Association Démocratique des Femmes du Maroc (ADFM)", "image_logo": "images/mar_adfm.jpg", "short_name": "ADFM", "description": "L’Association Démocratique des Femmes du Maroc est une association féministe autonome à but non lucratif, sa mission consiste à défendre, protéger et promouvoir les droits fondamentaux des femmes tels qu’universellement reconnus sur les plans civils, politiques, économiques, sociaux et environnementaux à travers le plaidoyer et le lobbying pour  l’institutionnalisation de l’égalité de genre dans les droits et les pratiques.", "category": "OSC", "website_url": null, "facebooke_url": null, "twitter_url": null, "linkedin_url": null, "email": null, "phone": null, "funded_date": "2022-10-14", "country": 23}}, {"model": "website.organization", "pk": 14, "fields": {"name": "Association des Blogueurs de Guinée - ABLOGUI", "image_logo": "images/gin_ablogui.jpg", "short_name": "ABLOGUI", "description": "Association des Blogueurs de Guinée (ABLOGUI) interviens pour la Promotion de la démocratie et de la bonne gouvernance à travers le numérique.", "category": "OSC", "website_url": null, "facebooke_url": null, "twitter_url": null, "linkedin_url": null, "email": null, "phone": null, "funded_date": "2022-10-14", "country": 12}}, {"model": "website.organization", "pk": 15, "fields": {"name": "Association MAIDI", "image_logo": "images/mdg_association_maidi.jpg", "short_name": "Association MAIDI", "description": "Association MAIDI intervient dans les domaines suivants: Open Data, Anti corruption ISO 37001, Le Gouvernement Ouvert, Data Journalisme.", "category": "OSC", "website_url": null, "facebooke_url": null, "twitter_url": null, "linkedin_url": null, "email": null, "phone": null, "funded_date": "2022-10-14", "country": 14}}, {"model": "website.organization", "pk": 16, "fields": {"name": "Association pour la promotion des personnes vulnérables", "image_logo": "images/cmr_appv.jpg", "short_name": "APPV", "description": "Association pour la promotion des personnes vulnérables travaille pour l'épanouissement des personnes vulnérables, des personnes et communautés stigmatisées.", "category": "OSC", "website_url": null, "facebooke_url": null, "twitter_url": null, "linkedin_url": null, "email": null, "phone": null, "funded_date": "2022-10-14", "country": 4}}, {"model": "website.organization", "pk": 17, "fields": {"name": "Association pour la Promotion du Droit à la Différence (APDD)", "image_logo": "images/tun_apdd.jpg", "short_name": "APDD", "description": "Association pour la Promotion du Droit à la Différence (APDD) intervient dans les domaines suivants: Renforcer la liberté d’expression, Œuvrer pour la parité femme/homme, Défendre les droits des minorités, Vulgariser l’approche genre.", "category": "OSC", "website_url": null, "facebooke_url": null, "twitter_url": null, "linkedin_url": null, "email": null, "phone": null, "funded_date": "2022-10-14", "country": 22}}, {"model": "website.organization", "pk": 18, "fields": {"name": "Association tunisienne des contrôleurs publics", "image_logo": "images/tun_atcp.jpg", "short_name": "ATCP", "description": "L'Association tunisienne des contrôleurs publics  (ATCP) intervient dans les domaines suivants: Gouvernance locale, décentralisation, Contrôle et audit, commande publique, lutte contre la corruption.", "category": "OSC", "website_url": null, "facebooke_url": null, "twitter_url": null, "linkedin_url": null, "email": null, "phone": null, "funded_date": "2022-10-14", "country": 22}}, {"model": "website.organization", "pk": 19, "fields": {"name": "Benin  Yali Alumni Association", "image_logo": "images/ben_yali_benin.jpg", "short_name": "YALI Bénin", "description": "Benin  Yali Alumni Association est une organisation de jeunes leaders du programme de Leadership YALI. Elle intervient dans les domaines suivants: Gestion des projets, participation citoyenne et politique des jeunes, entrepreneuriat, gouvernance, etc.", "category": "OSC", "website_url": null, "facebooke_url": null, "twitter_url": null, "linkedin_url": null, "email": null, "phone": null, "funded_date": "2022-10-14", "country": 1}}, {"model": "website.organization", "pk": 20, "fields": {"name": "Centre d'information et de documentation citoyenne (Cidoc)", "image_logo": "images/bfa_cidoc.jpg", "short_name": "Cidoc", "description": "Le Centre d'information et de documentation citoyenne (Cidoc) fait la promotion des Droits humains, l'Etat de Droit, et la gouvernance sécuritaire.", "category": "OSC", "website_url": null, "facebooke_url": null, "twitter_url": null, "linkedin_url": null, "email": null, "phone": null, "funded_date": "2022-10-14", "country": 2}}, {"model": "website.organization", "pk": 21, "fields": {"name": "Centre de Leadership féminin (CLEF)", "image_logo": "images/mar_clef.jpg", "short_name": "CLEF", "description": "Le CLEF (Centre de Leadership féminin) est un instrument qui contribue dés 1997 aux renforcements des capacités, à la promotion de la culture d’égalité au niveau national, régional et local et à l’intégration des principes de l’égalité. Sa mission est le diagnostic de la situation pour identifier les causes des blocages et  déterminer les voies et les moyens susceptibles de contribuer à dynamiser le champ socio -politique marocain dans le sens d’une plus grande participation et une meilleure représentation des femmes. La cible du CLEF est les associations de jeunes, des droits des femmes, des droits humains, les partis politiques, les syndicats, les décideurs ainsi que les faiseurs d’opinion.", "category": "OSC", "website_url": null, "facebooke_url": null, "twitter_url": null, "linkedin_url": null, "email": null, "phone": null, "funded_date": "2022-10-14", "country": 23}}, {"model": "website.organization", "pk": 22, "fields": {"name": "Centre pour la Qualité du Droit et la Justice", "image_logo": "images/bfa_cqdj.jpg", "short_name": "CQDJ", "description": "Le Centre pour la Qualité du Droit et la Justice intervient dans l'Assistance juridique et judiciaire au près des personnes vulnérables, la Sécurité humaine et l'accès à la justice.", "category": "OSC", "website_url": null, "facebooke_url": null, "twitter_url": null, "linkedin_url": null, "email": null, "phone": null, "funded_date": "2022-10-14", "country": 2}}, {"model": "website.organization", "pk": 23, "fields": {"name": "Citoyen Pour la Mémoire du Cameroun (CPMC)", "image_logo": "images/cmr_cpmc.jpg", "short_name": "CPMC", "description": "Citoyen Pour la Mémoire du Cameroun (CPMC) est une association de plusieurs personnes physiques et personnes morales réunies autour de l’objectif commun de préserver la mémoire de ceux qui se sont battus et parfois ont donné leur vie dans les combats pour l’indépendance, la démocratie et les libertés pour tous les Camerounais d’une part et d’autre part promouvoir l’héritage qu’ils nous ont légué.", "category": "OSC", "website_url": null, "facebooke_url": null, "twitter_url": null, "linkedin_url": null, "email": null, "phone": null, "funded_date": "2022-10-14", "country": 4}}, {"model": "website.organization", "pk": 24, "fields": {"name": "Centre de Recherche et de Formation sur le Développement Intégré (CREFDI)", "image_logo": "images/rci_crefdi.jpg", "short_name": "CREFDI", "description": "Le Centre de Recherche et de Formation sur le Développement Intégré (CREFDI) a pour domaines d'intervention : Gouvernance et analyse de politiques publiques, Lutte contre la corruption, Industries extractives, Lutte contre le blanchiment de capitaux et le financement du terrorisme, Lutte contre la pauvreté, Enquêtes par sondage, Analyse de données statistiques.", "category": "OSC", "website_url": null, "facebooke_url": null, "twitter_url": null, "linkedin_url": null, "email": null, "phone": null, "funded_date": "2022-10-14", "country": 9}}, {"model": "website.organization", "pk": 25, "fields": {"name": "Espoir Pour Tous", "image_logo": "images/ben_espoir_pour_tous.jpg", "short_name": "Espoir Pour Tous", "description": "Espoir Pour Tous est une organisation qui intervient dans les domaines suivants: Gouvernance, Education, Environnement, Droits de l'Homme.", "category": "OSC", "website_url": null, "facebooke_url": null, "twitter_url": null, "linkedin_url": null, "email": null, "phone": null, "funded_date": "2022-10-14", "country": 1}}, {"model": "website.organization", "pk": 26, "fields": {"name": "Femmes Africaines", "image_logo": "", "short_name": "Femmes Africaines", "description": "Femmes Africaines est une organisation qui travaille pour l'épanouissement socio-économique des femmes. Ses domaine d'intervention sont  l'entrepreneuriat et la promotion des droits de la femme. Elle se s'intéresse  également au questions de paix et sécurité en Afrique en lien avec le rôle des femmes.", "category": "OSC", "website_url": null, "facebooke_url": null, "twitter_url": null, "linkedin_url": null, "email": null, "phone": null, "funded_date": "2022-10-14", "country": 4}}, {"model": "website.organization", "pk": 27, "fields": {"name": "Femmes Bladi pour le Développement et le Tourisme", "image_logo": "images/mar_femmes_bladi.jpg", "short_name": "Femmes Bladi", "description": "Femmes Bladi pour le Développement et le Tourisme interviens dans les domaines suivants: Droits d'accès à l'information, suivi et évaluation des engagements du gouvernement marocain dans le domaine de l'OGP, Changements Climatiques, Participation citoyenne et notamment l'engagement des jeunes, Questions de la femme.", "category": "ONG", "website_url": null, "facebooke_url": null, "twitter_url": null, "linkedin_url": null, "email": null, "phone": null, "funded_date": "2022-10-14", "country": 23}}, {"model": "website.organization", "pk": 28, "fields": {"name": "Femmes et Droits Humains (FDH - Mali)", "image_logo": "images/mli_fdh_mali.jpg", "short_name": "FDH - Mali", "description": "Femmes et Droits Humains (FDH - Mali) est une ONG qui travaille pour la promotion de la bonne Gouvernance et la Démocratie en lien avec le genre.", "category": "ONG", "website_url": null, "facebooke_url": null, "twitter_url": null, "linkedin_url": null, "email": null, "phone": null, "funded_date": "2022-10-14", "country": 15}}, {"model": "website.organization", "pk": 29, "fields": {"name": "Femmes, Actions et Développement (ONG FAD)", "image_logo": "images/ner_ong_fad.jpg", "short_name": "ONG FAD", "description": "l'ONG Femmes, Actions et Développement est une organisation qui intervient dans les domaines suivants: Gouvernance, Éducation, Santé, paix et sécurité, Violences Basée sur le Genre, Autonomisation et Environnement.", "category": "ONG", "website_url": null, "facebooke_url": null, "twitter_url": null, "linkedin_url": null, "email": null, "phone": null, "funded_date": "2022-10-14", "country": 16}}, {"model": "website.organization", "pk": 30, "fields": {"name": "FONDATION CONSEIL JEUNE", "image_logo": "images/cmr_fcj.jpg", "short_name": "FCJ", "description": "La Fondation Conseil Jeune (FCJ) interviens dans les domaines de la démocratie, la participation citoyenne, l'environnement, la jeunesse, les droit des femmes et le genre.", "category": "Fondation", "website_url": null, "facebooke_url": null, "twitter_url": null, "linkedin_url": null, "email": null, "phone": null, "funded_date": "2022-10-14", "country": 4}}, {"model": "website.organization", "pk": 31, "fields": {"name": "Fondation Femme Plus", "image_logo": "images/rdc_fondation_femme_plus.jpg", "short_name": "Fondation Femme Plus", "description": "La Fondation Femme Plus intervient dans ls domaines suivants: Santé Publique, Droits Humains, Droits Humains ET Genre, Recherche Action, Plaidoyer. Ses action sont centrées sur la lutte contre le VIH/SIDA par l'accompagnement psychosocial des personnes vivants avec le VIH (PVV), les personnes affectées (PA), et les survivants des violences sexuels(SVS).", "category": "Fondation", "website_url": null, "facebooke_url": null, "twitter_url": null, "linkedin_url": null, "email": null, "phone": null, "funded_date": "2022-10-14", "country": 8}}, {"model": "website.organization", "pk": 32, "fields": {"name": "Forum Marocain des Jeunes Journalistes", "image_logo": "images/mar_fmjj.jpg", "short_name": "FMJJ", "description": "Le Forum Marocain des Jeunes Journalistes est une ONG marocaine qui a pour objectif la protection de la liberté de la presse au Maroc ainsi que la formation des jeunes journalistes", "category": "ONG", "website_url": null, "facebooke_url": null, "twitter_url": null, "linkedin_url": null, "email": null, "phone": null, "funded_date": "2022-10-14", "country": 23}}, {"model": "website.organization", "pk": 33, "fields": {"name": "Foyer de Créativité de la Société Civile", "image_logo": "", "short_name": "FCSC", "description": "Le Foyer de Créativité de la Société Civile  intervient dans les domaines suivants: Paix, Droit de l'homme, gouvernance local, développement.", "category": "OSC", "website_url": null, "facebooke_url": null, "twitter_url": null, "linkedin_url": null, "email": null, "phone": null, "funded_date": "2022-10-14", "country": 8}}, {"model": "website.organization", "pk": 34, "fields": {"name": "Global Participe", "image_logo": "images/cog_global_participe.jpg", "short_name": "Global Participe", "description": "Global Participe est Un Centre de Recherche-Action sur la Gouvernance Démocratique et le Développement local doté du statut d’ organisation non gouvernementale à but non lucratif de droit Congolais. La vision de global Participe se décline en cinq objectifs majeures:\r\n1- Replacer le citoyen au cœur de l’action politique en lui donnant les moyens de s’informer sur l’activité des élus et de défendre ses droits  fondamentaux ;\r\n2- Etablir des relations entre les populations avec les élus et les décideurs afin d’œuvrer à la mise en place d’une bonne gouvernance et d’une éthique politique ;\r\n3- promouvoir et défendre les droits humains pour tous;\r\n4- Promouvoir et défendre les droits et libertés de la société civile;\r\n5- Vulgariser les stratégies non violentes de résolution pacifique des conflits.\r\n\r\nOrganisation et fonctionnement:\r\nGlobal Participe dispose d’un Conseil d’administration qui supervise le travail de l’instance dirigeante et qui définit la stratégie de  l’organisation. Un Bureau exécutif responsable de la représentation politique de l’organisation et de sa gestion le jour au jour élu pour un mandat de 4 ans.\r\nNous nous engageons à faire preuve de transparence et d’honnêteté́ à propos de nos structures, de notre mission, de nos politiques, de nos comptes et de nos activités.\r\n\r\nL’activité de Global Participe tourne autour de trois axes :\r\nMonitoring (Veille): Veille sur le travail législatif et exécutif\r\nAdvocacy (Plaidoyer):\r\nPromotion de la  transparence et de la culture du « devoir de\r\nrendre compte » ;\r\nDéfense des droits fondamentaux et des libertés individuelles.\r\nEmpowerment (Autonomisation):Aide au développement\r\nlocal des initiatives des citoyens.", "category": "OSC", "website_url": null, "facebooke_url": null, "twitter_url": null, "linkedin_url": null, "email": null, "phone": null, "funded_date": "2022-10-14", "country": 7}}, {"model": "website.organization", "pk": 35, "fields": {"name": "HODSAS RDCongo", "image_logo": "", "short_name": "HODSAS RDCongo", "description": "HODSAS RDCongo travaille à promouvoir les droits à la santé et la protection pour un environnement de tolérance et d'acceptation sociale en RD Congo.", "category": "OSC", "website_url": null, "facebooke_url": null, "twitter_url": null, "linkedin_url": null, "email": null, "phone": null, "funded_date": "2022-10-14", "country": 8}}, {"model": "website.organization", "pk": 36, "fields": {"name": "Institut pour la Gouvernance  et Education Electorale", "image_logo": "", "short_name": "IGEED", "description": "Institut pour la Gouvernance  et Education Electorale Décentralisation intervient dans les domaines suivants:  Éducation Civique  et Électorale, Suivi citoyen, Gouvernance minière.", "category": "OSC", "website_url": null, "facebooke_url": null, "twitter_url": null, "linkedin_url": null, "email": null, "phone": null, "funded_date": "2022-10-14", "country": 8}}, {"model": "website.organization", "pk": 37, "fields": {"name": "L'Observatoire pour la protection de l'environnement et des monuments historiques de Tanger (OPEMH)", "image_logo": "images/mar_opemh.jpg", "short_name": "OPEMH", "description": "L'Observatoire pour la protection de l'environnement et des monuments historiques de Tanger (OPEMH) travaille dans les domaines suivants: L'environnement, Monument historiques, Plaidoyer, Formation, Etudes- Rapports, Réseautage, Sensibilisation.", "category": "OSC", "website_url": null, "facebooke_url": null, "twitter_url": null, "linkedin_url": null, "email": null, "phone": null, "funded_date": "2022-10-14", "country": 23}}, {"model": "website.organization", "pk": 38, "fields": {"name": "Les Mêmes Droits pour Tous", "image_logo": "images/gin_mdt_guinee.jpg", "short_name": "MDT - Guinée", "description": "Mêmes Droits pour Tous (MDT) est une organisation Guinéenne de défense et de promotion des droits de l’Homme qui apporte une assistance juridique et judiciaire gratuite aux personnes privées de liberté ainsi qu’aux victimes d’abus divers. MDT fait aussi de la formation de para juriste dont elle assure le suivi sur le terrain.", "category": "OSC", "website_url": null, "facebooke_url": null, "twitter_url": null, "linkedin_url": null, "email": null, "phone": null, "funded_date": "2022-10-14", "country": 12}}, {"model": "website.organization", "pk": 39, "fields": {"name": "Mouvement Alternatives Citoyenne", "image_logo": "images/mar_mouvement_ac.jpg", "short_name": "Mouvement AC", "description": "Le Mouvement Alternatives Citoyenne est une Organisation de la Société Civile qui fait le plaidoyer en faveur des droits humains dans les politiques publiques et les lois.", "category": "OSC", "website_url": null, "facebooke_url": null, "twitter_url": null, "linkedin_url": null, "email": null, "phone": null, "funded_date": "2022-10-14", "country": 23}}, {"model": "website.organization", "pk": 40, "fields": {"name": "Mouvement pour la Démocratie Paritaire (MDParité)", "image_logo": "images/mar_md_paritaire.jpg", "short_name": "MDParité", "description": "Le mouvement pour la Démocratie Paritaire est un  mouvement féministe travaillant pour l'égalité et l'élimination de toutes les formes de discrimination fondées sur le genre. Il s’agit d’un mouvement démocratique moderniste laïque indépendant du gouvernement ou de tout autre mouvement partisan,  constitue une extension du militantisme féministe dans le domaine des droits humains des femmes, en particulier les droits politiques.\r\nLe MDParité contribue à renforcer la défense des droits des femmes à travers :\r\n-\tL'harmonisation des législations nationales  avec les conventions internationales en mettant l'accent sur l'institutionnalisation des mesures temporaires spéciales «discrimination positive».\r\n-\t Promouvoir les droits civils et politiques des femmes au niveau local, régional et national pour assurer la démocratique paritaire\r\n-\tLe renforcement du rôle interactif avec  le système / organisations des droits de l'homme des Nations Unies et des organes conventionnels des droits humains des femmes, notamment en mettant l'accent sur la préparation et la soumission des rapports parallèles, et de suivre la mise en œuvre des recommandations émises par ces organismes.\r\n-\tActiver le rôle de vigilance, de suivi et de la reddition des comptes à travers  le baromètre de la démocratique paritaire  dans les politiques publiques.\r\n-\tAppuyer le droit de défendre les droits de l’homme et les droits fondamentaux des femmes en particulier par la production des supports pédagogiques, dans le domaine de la formation continue en faveur des associations et les femmes élues au niveau local, régional et national.\r\n-\tSoutenir les mécanismes et les moyens institutionnels pour  promouvoir l'égalité entre les hommes et les femmes.", "category": "OSC", "website_url": null, "facebooke_url": null, "twitter_url": null, "linkedin_url": null, "email": null, "phone": null, "funded_date": "2022-10-14", "country": 23}}, {"model": "website.organization", "pk": 41, "fields": {"name": "Mouvement pour la Promotion du Respect et Egalité des Droits et Santé.", "image_logo": "", "short_name": "MOPREDS", "description": "L Mouvement pour la Promotion du Respect et Egalité des Droits et Santé a pour domaines d'intervention: les Droits Humains, la Recherche anthropologique, la Documentation et Plaidoyer.", "category": "OSC", "website_url": null, "facebooke_url": null, "twitter_url": null, "linkedin_url": null, "email": null, "phone": null, "funded_date": "2022-10-04", "country": 8}}, {"model": "website.organization", "pk": 42, "fields": {"name": "ONG 3D", "image_logo": "images/sen_ong3d.jpg", "short_name": "ONG 3D", "description": "Nos domaines d'intervention sont: Démocratie droits humain, développement local, Governance, Education et Formation, Recherche, Environnement, Eau Assainissement, Economie, micro finance, Genre, Enfance déshéritée et jeunesse, Aménagement du territoire, Communication.", "category": "ONG", "website_url": null, "facebooke_url": null, "twitter_url": null, "linkedin_url": null, "email": null, "phone": null, "funded_date": "2022-10-14", "country": 18}}, {"model": "website.organization", "pk": 43, "fields": {"name": "ONG AZHAR", "image_logo": "images/mli_ong_azhar.jpg", "short_name": "ONG AZHAR", "description": "Organisation Non Gouvernementale Gouvernance AZHAR travail pour l'État de droit, la prévention de l'Extrémisme Violant (PVE), la Gouvernance foncière, la consolidation de la paix et moyens d'existence.", "category": "ONG", "website_url": null, "facebooke_url": null, "twitter_url": null, "linkedin_url": null, "email": null, "phone": null, "funded_date": "2022-10-14", "country": 15}}, {"model": "website.organization", "pk": 44, "fields": {"name": "ONG BAL'LAME", "image_logo": "images/ner_ong_bal_lame.jpg", "short_name": "ONG BAL'LAME", "description": "Organisation Non Gouvernementale basée au Niger, BA'LAME travaille dans la promotion de la Bonne Gouvernance, des Droits Humains, de la Citoyenneté, la Culture, 'Education, la Santé, le Genre, et l'Environnement.", "category": "ONG", "website_url": null, "facebooke_url": null, "twitter_url": null, "linkedin_url": null, "email": null, "phone": null, "funded_date": "2022-10-14", "country": 16}}, {"model": "website.organization", "pk": 45, "fields": {"name": "Open Burkina", "image_logo": "images/bfa_open_burkina.jpg", "short_name": "Open Burkina", "description": "Organisation de Civic Tech leader des mouvements de l'ouverture des données et du Gouvernement Ouvert. Elle est aussi à l'avant garde de la promotion de l'usage responsable de l'intelligence Artificielle.", "category": "OSC", "website_url": null, "facebooke_url": null, "twitter_url": null, "linkedin_url": null, "email": null, "phone": null, "funded_date": "2022-10-14", "country": 2}}, {"model": "website.organization", "pk": 46, "fields": {"name": "OpenStreetMap Mali", "image_logo": "images/mli_osm_mali.jpg", "short_name": "OSM - Mali", "description": "Open Street Map Mali travaille dans Cartographie participative et citoyenne, l'engagement citoyen, et la production de données géographiques libres.", "category": "OSC", "website_url": null, "facebooke_url": null, "twitter_url": null, "linkedin_url": null, "email": null, "phone": null, "funded_date": "2022-10-14", "country": 15}}, {"model": "website.organization", "pk": 47, "fields": {"name": "Organisation de la Jeunesse Féminine (OJF)", "image_logo": "images/bfa_ojf.jpg", "short_name": "OJF", "description": "L'Organisation de la Jeunesse Féminine (OJF) est une association de femmes dirigée par des femmes qui fait la promotion des  Droits Humain, la Participation citoyenne et Protection de l'environnement.", "category": "OSC", "website_url": null, "facebooke_url": null, "twitter_url": null, "linkedin_url": null, "email": null, "phone": null, "funded_date": "2022-10-14", "country": 2}}, {"model": "website.organization", "pk": 48, "fields": {"name": "Organisation des Femmes Actives de Côte d'Ivoire (OFACI)", "image_logo": "images/rci_ofaci.jpg", "short_name": "OFACI", "description": "Organisation des Femmes Actives de Côte d'Ivoire (OFACI) travaille à promouvoir les Droit et devoirs des citoyens afin d'assurer une participation citoyenne responsable gage de stabilité politique et de développement durable.", "category": "OSC", "website_url": null, "facebooke_url": null, "twitter_url": null, "linkedin_url": null, "email": null, "phone": null, "funded_date": "2022-10-14", "country": 9}}, {"model": "website.organization", "pk": 49, "fields": {"name": "OSM Bénin", "image_logo": "images/ben_osm_benin.jpg", "short_name": "OSM Bénin", "description": "Open Street Map Bénin travaille dans Cartographie participative et citoyenne, l'engagement citoyen, et la production de données géographiques libres.", "category": "OSC", "website_url": null, "facebooke_url": null, "twitter_url": null, "linkedin_url": null, "email": null, "phone": null, "funded_date": "2022-10-14", "country": 1}}, {"model": "website.organization", "pk": 50, "fields": {"name": "Partage et Action en Synergie pour le Développement (PASYD)", "image_logo": "images/tog_pasyd.jpg", "short_name": "PASYD", "description": "L'Association Partage et Action en Synergie pour le Développement (PASYD) intervient dans la Gouvernance, la Citoyenneté, le Partenariats, et l'Entrepreneuriat.", "category": "OSC", "website_url": null, "facebooke_url": null, "twitter_url": null, "linkedin_url": null, "email": null, "phone": null, "funded_date": "2022-10-14", "country": 21}}, {"model": "website.organization", "pk": 51, "fields": {"name": "Plateforme nations des Citoyens Unis pour le Développement (PCUD)", "image_logo": "images/gin_pcud.jpg", "short_name": "PCUD", "description": "Plateforme nations des Citoyens Unis pour le Développement travaille dans la Gouvernance politique économique et financière, les Droits humains, la Consolidation de la paix et de la cohésion sociale, le Genre et jeunesse de façon transversale.", "category": "OSC", "website_url": null, "facebooke_url": null, "twitter_url": null, "linkedin_url": null, "email": null, "phone": null, "funded_date": "2022-10-14", "country": 12}}, {"model": "website.organization", "pk": 52, "fields": {"name": "PSCI PGO", "image_logo": "images/rci_psci_pgo.jpg", "short_name": "PSCI PGO", "description": "La Plateforme de la Société Civile Ivoirienne pour le Gouvernance Ouvert dans la lutte contre la corruption, la promotion de la transparence budgétaire et la participation citoyenne.", "category": "OSC", "website_url": null, "facebooke_url": null, "twitter_url": null, "linkedin_url": null, "email": null, "phone": null, "funded_date": "2022-10-14", "country": 9}}, {"model": "website.organization", "pk": 53, "fields": {"name": "Réseau des Jeunes Entrepreneurs de Côte d'Ivoire (REJECI)", "image_logo": "images/rci_rejeci.jpg", "short_name": "REJECI", "description": "Le Réseau des Jeunes Entrepreneurs de Côte d'Ivoire (REJECI) est une Organisation spécialisée dans la promotion de l'Entrepreneuriat des jeunes à travers l'incubation, l'accompagner juridique et des formations ciblées.", "category": "OSC", "website_url": null, "facebooke_url": null, "twitter_url": null, "linkedin_url": null, "email": null, "phone": null, "funded_date": "2022-10-14", "country": 9}}, {"model": "website.organization", "pk": 54, "fields": {"name": "Synergie des OSC pour la Promotion des Droits Humains et de l'Environnement", "image_logo": "", "short_name": "SOSCPDHE", "description": "Nous intervenons dans le domaines suivants: Droits humains, Gouvernance locale et participative, Santé, Eaux Hygiène & Assainissement, Gestion des ressources naturelles, Environnement.", "category": "OSC", "website_url": null, "facebooke_url": null, "twitter_url": null, "linkedin_url": null, "email": null, "phone": null, "funded_date": "2011-10-04", "country": 8}}, {"model": "website.organization", "pk": 55, "fields": {"name": "TournonsLaPage côté d'Ivoire", "image_logo": "images/rci_tournonslapage_rci.jpg", "short_name": "TournonsLaPage (RCI)", "description": "Tournons La Page (RCI)  travaille pour promouvoir la participation citoyenne des populations au processus de prise de décision, la Transparence, la Promotion de la bonne gouvernance et lutte contre la corruption et la redevabilité", "category": "OSC", "website_url": null, "facebooke_url": null, "twitter_url": null, "linkedin_url": null, "email": null, "phone": null, "funded_date": "2022-10-14", "country": 9}}, {"model": "website.organization", "pk": 56, "fields": {"name": "TRI-Niger (Transparence Redevabilité Intégrité)", "image_logo": "images/ner_tri_niger.jpg", "short_name": "TRI-Niger", "description": "Transparence Redevabilité Intégrité (TRI-Niger) travaille pour la Bonne gouvernance et la lutte contre la corruption.", "category": "OSC", "website_url": null, "facebooke_url": null, "twitter_url": null, "linkedin_url": null, "email": null, "phone": null, "funded_date": "2022-10-14", "country": 16}}, {"model": "website.organization", "pk": 57, "fields": {"name": "Tribune Jeunes pour le Droit au Mali", "image_logo": "images/mli_tjd_mali.jpg", "short_name": "TJD-Mali", "description": "La Tribune Jeunes pour le Droit au Mali (TJD-Mali) travaille dans les domaines des Droits Humains, de l'État de droit, de la démocratie, de la Citoyenneté, et la Bonne gouvernance.", "category": "OSC", "website_url": null, "facebooke_url": null, "twitter_url": null, "linkedin_url": null, "email": null, "phone": null, "funded_date": "2022-10-14", "country": 15}}, {"model": "website.organization", "pk": 58, "fields": {"name": "Tuwindi", "image_logo": "images/mli_tuwindi.jpg", "short_name": "Tuwindi", "description": "Organisation leaders dans le Civic-Tech elle travaille à appliquer la technologie pour la Gouvernance, les élections, le Développement média, la Santé et l'Education.", "category": "CivicTech", "website_url": null, "facebooke_url": null, "twitter_url": null, "linkedin_url": null, "email": null, "phone": null, "funded_date": "2022-10-14", "country": 15}}, {"model": "website.organization", "pk": 59, "fields": {"name": "WenakLabs", "image_logo": "images/tcd_wenaklabs.jpg", "short_name": "WenakLabs", "description": "L'organisation travail dans les domaine suivants: Transformation numérique, Innovation, Media, Données ouvertes, Accompagnement à l'entrepreneuriat innovant.", "category": "OSC", "website_url": null, "facebooke_url": null, "twitter_url": null, "linkedin_url": null, "email": null, "phone": null, "funded_date": "2022-10-14", "country": 20}}, {"model": "website.organization", "pk": 60, "fields": {"name": "YORHA Group", "image_logo": "images/gab_yorha_group.jpg", "short_name": "YORHA Group", "description": "YORHA Group est une organisation qui a pour but l'épanouissement socio-économique de la jeunesse gabonaise. Elle  intervient dans  la Gestion des Ressources humaines & Entrepreuneuriat.", "category": "OSC", "website_url": null, "facebooke_url": null, "twitter_url": null, "linkedin_url": null, "email": null, "phone": null, "funded_date": "2022-10-14", "country": 11}}, {"model": "website.organization", "pk": 61, "fields": {"name": "Youth Open Data", "image_logo": "images/bfa_youth_open_data.jpg", "short_name": "Youth Open Data", "description": "Une Organisation de jeunes fondée par des jeunes et dirigée par des jeunes. Elle intervient dans: l'Open Data - Bonne Gouvernance/ Transparence, le Civic Tech, le Numérique et  l'Entrepreneuriat.", "category": "CivicTech", "website_url": null, "facebooke_url": null, "twitter_url": null, "linkedin_url": null, "email": null, "phone": null, "funded_date": "2022-10-04", "country": 2}}, {"model": "website.organization", "pk": 62, "fields": {"name": "BEOG NEERE", "image_logo": "images/bfa_beog_neere.jpg", "short_name": "BEOG NEERE", "description": "Organisation de CivicTech qui travaille à innover la démocratie à travers la promotion de la transparence, de la redevabilité et de la participation citoyenne.", "category": "CivicTech", "website_url": null, "facebooke_url": null, "twitter_url": null, "linkedin_url": null, "email": null, "phone": null, "funded_date": "2012-04-03", "country": 2}}, {"model": "taggit.tag", "pk": 1, "fields": {"name": "rafgo", "slug": "rafgo"}}, {"model": "taggit.tag", "pk": 2, "fields": {"name": "PGO", "slug": "pgo"}}, {"model": "taggit.tag", "pk": 3, "fields": {"name": "CIVICTECH", "slug": "civictech"}}, {"model": "taggit.taggeditem", "pk": 1, "fields": {"tag": 1, "content_type": 11, "object_id": 1}}, {"model": "taggit.taggeditem", "pk": 2, "fields": {"tag": 1, "content_type": 11, "object_id": 2}}, {"model": "taggit.taggeditem", "pk": 3, "fields": {"tag": 1, "content_type": 11, "object_id": 3}}, {"model": "taggit.taggeditem", "pk": 4, "fields": {"tag": 2, "content_type": 11, "object_id": 4}}, {"model": "taggit.taggeditem", "pk": 5, "fields": {"tag": 3, "content_type": 11, "object_id": 5}}, {"model": "taggit.taggeditem", "pk": 6, "fields": {"tag": 2, "content_type": 11, "object_id": 6}}, {"model": "blog.category", "pk": 1, "fields": {"name": "RAFGO", "slug": "rafgo", "image": "category_images/category_rafgo.jpg", "approved": true, "date_created": "2022-11-14T15:22:05.502Z", "date_updated": "2022-11-17T09:31:01.852Z"}}, {"model": "blog.category", "pk": 2, "fields": {"name": "PGO", "slug": "pgo", "image": "category_images/category-default_3JG4RmM.jpg", "approved": true, "date_created": "2022-11-16T15:48:01.587Z", "date_updated": "2022-11-16T15:57:47.817Z"}}, {"model": "blog.article", "pk": 1, "fields": {"category": 1, "title": "Burkina Faso : BEOG NEERE rassemble une soixantaine d’OSC de 16 pays dans un même réseau", "slug": "burkina-faso-beog-neere-rassemble-une-soixantaine-dosc-de-16-pays-dans-un-même-réseau", "author": 1, "image": "article_pics/lancement_rafgo_art.jpg", "image_featured": "article_pics/lancement_rafgo_zvjkRJk.jpg", "image_credit": null, "lead_paragraph": "L’ONG BEOG NEERE a procédé au lancement du Réseaux des Organisations de la société civile (OSC) d’Afrique Francophone pour le Gouvernement Ouvert (RAFGO) le mardi 1er novembre 2022 à Marrakech, au Maroc.", "body": "<div class=\"entry-header\">\r\n<h3><strong>L&rsquo;ONG BEOG NEERE a proc&eacute;d&eacute; au lancement du R&eacute;seaux des Organisations de la soci&eacute;t&eacute; civile (OSC) d&rsquo;Afrique Francophone pour le Gouvernement Ouvert (RAFGO) le mardi 1er novembre 2022 &agrave; Marrakech, au Maroc. Cette activit&eacute; s&rsquo;est tenue en marge la rencontre r&eacute;gionale Afrique et Moyen-Orient du Partenariat pour un Gouvernement Ouvert (PGO), du 1er au 3 novembre 2022 au Maroc.</strong></h3>\r\n\r\n<p>R&eacute;unir une soixantaine d&rsquo;OSC originaires de 16 pays d&rsquo;Afrique francophone autour d&rsquo;un m&ecirc;me r&eacute;seau pour relever des d&eacute;fis li&eacute;s &agrave; l&rsquo;Etat de droit, &agrave; la d&eacute;mocratie et &agrave; la bonne gouvernance, c&rsquo;est l&rsquo;objectif qui a pr&eacute;valu &agrave; la mise en place du R&eacute;seaux des OSC d&rsquo;Afrique Francophone pour le Gouvernement Ouvert (RAFGO). Selon Malick Lingani, le pr&eacute;sident de BEOG NEERE,&nbsp;<strong><em>&laquo; r&eacute;ussir le RAFGO sera une fiert&eacute; &raquo;.</em></strong></p>\r\n\r\n<p><img alt=\"Reunion Afrique de Moyen-Orient du PGO\" src=\"https://faso7.com/wp-content/uploads/2022/11/Beog-Nere-1.jpg\" style=\"height:419px; width:720px\" /></p>\r\n\r\n<div class=\"clearfix post-meta\" id=\"single-post-meta\">\r\n<p style=\"text-align:center\">La rencontre Afrique et Moyen-Orient du PGO a r&eacute;uni plus de 500 participants &ndash; &copy; DR</p>\r\n\r\n<p><strong><em>&laquo;&nbsp;</em></strong><strong><em>Le</em></strong><strong><em>&nbsp;RAFGO se veut une force f&eacute;d&eacute;ratrice des OSC et un outil de plaidoyer pour la bonne gouvernance. Beog-N&eacute;r&eacute; se positionne depuis une dizaine d&rsquo;ann&eacute;es sur les th&eacute;matiques de lutte contre la corruption, de civic-tech, d&rsquo;ouverture de donn&eacute;es, de gouvernement ouvert, de leadership politique en lien avec le genre &raquo;,</em></strong>&nbsp;a-t-il indiqu&eacute;.</p>\r\n\r\n<p>Sur la rencontre r&eacute;gionale Afrique et Moyen-Orient du Partenariat pour un Gouvernement Ouvert (PGO), le pr&eacute;sident de l&rsquo;ONG BEOG NEERE a laiss&eacute; entendre que ce fut une belle occasion de r&eacute;seautage entre les membres du RAFGO et le PGO.&nbsp;<strong><em>&laquo; Des r&eacute;flexions ont &eacute;t&eacute; men&eacute;es sur comment mutualiser les actions des OSC d&rsquo;Afrique francophone pour am&eacute;liorer la bonne gouvernance &raquo;,</em></strong>&nbsp;a-t-il laiss&eacute; entendre.</p>\r\n\r\n<p>La rencontre Afrique et Moyen-Orient du PGO a r&eacute;uni plus de 500 participants de plus 50 pays et 22 gouvernements locaux. Environ 36 ateliers et panels ont &eacute;t&eacute; tenus lors de ces 3 jours.</p>\r\n\r\n<p>Sur la participation de l&rsquo;ONG BEOG NEERE &agrave; cette rencontre, son pr&eacute;sident a signifi&eacute; qu&rsquo;en tant qu&rsquo;initiatrice du PGO, elle avait un r&ocirc;le d&rsquo;organisatrice.</p>\r\n\r\n<p><img alt=\"\" src=\"https://faso7.com/wp-content/uploads/2022/11/Beog-Nere-3.jpg\" style=\"height:461px; width:720px\" /></p>\r\n\r\n<p style=\"text-align:center\">Malick Lingani, le pr&eacute;sident de BEOG NEERE &ndash; &copy; DR</p>\r\n\r\n<p>Malick Lingani a par ailleurs anim&eacute; un panel sur le th&egrave;me,&nbsp;<strong><em>&laquo; Ouvrir la justice pour l&rsquo;&eacute;galit&eacute; des sexes et les droits politiques des femmes &raquo;.</em></strong>&nbsp;<strong><em>&laquo; Cette rencontre a permis &agrave; Beog-N&eacute;r&eacute; de se positionner comme OSC leader dans la promotion du PGO en Afrique francophone &raquo;,</em></strong>&nbsp;a-t-il lanc&eacute;. Comme perspective, l&rsquo;association entend consolider le r&eacute;seau et amener les &Eacute;tats d&rsquo;Afrique francophone &agrave; adh&eacute;rer au PGO.</p>\r\n\r\n<p>En guise d&rsquo;informations, BEOG NEERE signifie en langue Nationale Moor&eacute;&nbsp;<strong><em>&laquo; Un lendemain meilleur &raquo;.</em></strong>&nbsp;C&rsquo;est une Organisation Non Gouvernementale (ONG) de droit burkinab&egrave; fond&eacute;e en 2010 par des jeunes et dirig&eacute;e par des jeunes. Elle travaille partout au Burkina Faso et en Afrique Francophone pour promouvoir l&rsquo;Etat de droit, la d&eacute;mocratie et la bonne gouvernance.</p>\r\n\r\n<p><strong>Faso7</strong></p>\r\n\r\n<p><a href=\"https://faso7.com/author/basilesam/\"><img alt=\"Photo de Basile SAMA\" class=\"avatar avatar-140 lazyloaded photo\" data-src=\"https://secure.gravatar.com/avatar/948fa57160ea96f109e3ee4301ab749a?s=140&amp;d=mm&amp;r=g\" data-srcset=\"https://secure.gravatar.com/avatar/948fa57160ea96f109e3ee4301ab749a?s=280&amp;d=mm&amp;r=g 2x\" decoding=\"async\" src=\"https://secure.gravatar.com/avatar/948fa57160ea96f109e3ee4301ab749a?s=140&amp;d=mm&amp;r=g\" srcset=\"https://secure.gravatar.com/avatar/948fa57160ea96f109e3ee4301ab749a?s=280&amp;d=mm&amp;r=g 2x\" style=\"height:140px; width:140px\" /></a> <a class=\"author-name tie-icon\" href=\"https://faso7.com/author/basilesam/\" title=\"Basile SAMA\">Basile SAMA</a>10/11/2022</p>\r\n\r\n<div class=\"tie-alignright\">0 2 minutes de lecture</div>\r\n</div>\r\n<!-- .post-meta --></div>", "date_published": "2022-11-17T15:25:30.579Z", "date_created": "2022-11-15T11:52:45.434Z", "date_updated": "2022-11-18T15:04:31.777Z", "featured": "FEATURED", "status": "PUBLISHED", "views": 6, "count_words": "629", "read_time": "4", "deleted": false}}, {"model": "blog.article", "pk": 2, "fields": {"category": 1, "title": "Projet commune Ouverte de BEOG NEERE: une formation des acteurs", "slug": "projet-commune-ouverte-de-beog-neere-une-formation-des-acteurs", "author": 1, "image": "article_pics/blog-1.jpg", "image_featured": "article-default.jpg", "image_credit": "Malick Lingani", "lead_paragraph": "Plus de 100 acteurs de la société civile, des partis politiques et des administrations locales de Houndé, de Banfora et de l'Arrondissement 6 de Bobo Dioulasso sont outillés sur la transparence budgétaire.", "body": "<p>Plus de 100 acteurs de la soci&eacute;t&eacute; civile, des partis politiques et des administrations locales de Hound&eacute;, de Banfora et de l&#39;Arrondissement 6 de Bobo Dioulasso sont outill&eacute;s sur la transparence budg&eacute;taire.</p>", "date_published": "2022-11-15T15:54:33.052Z", "date_created": "2022-11-15T14:33:01.182Z", "date_updated": "2022-11-15T15:54:33.053Z", "featured": "NOT FEATURED", "status": "PUBLISHED", "views": 0, "count_words": "42", "read_time": "1", "deleted": false}}, {"model": "blog.article", "pk": 3, "fields": {"category": 1, "title": "Fonds Genre Sahel: Lancement du projet à Dakar", "slug": "fonds-genre-sahel-lancement-du-projet-à-dakar", "author": 1, "image": "article_pics/blog-2.jpg", "image_featured": "article-default.jpg", "image_credit": null, "lead_paragraph": "Le lancement officiel du projet Fonds Genre Sahel et la présentation des initiatives innovantes visant à garantir une plus grande égalité entre les femmes et les hommes se sont déroulés le mardi 28 Juin 2022 au NOVOTEL de Dakar.", "body": "<p>Le lancement officiel du projet Fonds Genre Sahel et la pr&eacute;sentation des initiatives innovantes visant &agrave; garantir une plus grande &eacute;galit&eacute; entre les femmes et les hommes se sont d&eacute;roul&eacute;s le mardi 28 Juin 2022 au NOVOTEL de Dakar.</p>", "date_published": "2022-11-15T15:59:11.721Z", "date_created": "2022-11-15T14:33:58.502Z", "date_updated": "2022-11-15T15:59:11.727Z", "featured": "NOT FEATURED", "status": "PUBLISHED", "views": 0, "count_words": "47", "read_time": "1", "deleted": false}}, {"model": "blog.article", "pk": 4, "fields": {"category": 1, "title": "Séminaire PAGOF: Ouverture des travaux à Ouagadougou.", "slug": "séminaire-pagof-ouverture-des-travaux-à-ouagadougou", "author": 1, "image": "article_pics/blog-3.jpg", "image_featured": "article-default.jpg", "image_credit": "Malick Lingani", "lead_paragraph": "Après Tunis 2018, Abidjan 2019, Ouagadougou accueille les 30 et 31 mai 2022 le troisième séminaire régional du Programme d’Appui aux gouvernements Ouverts Francophones (PAGOF).", "body": "<p><strong>Apr&egrave;s Tunis 2018, Abidjan 2019, Ouagadougou accueille les 30 et 31 mai 2022 le troisi&egrave;me s&eacute;minaire r&eacute;gional du Programme d&rsquo;Appui aux gouvernements Ouverts Francophones (PAGOF). Une quatre vingtaine de participants venus de 17 pays prennent part &agrave; ce rendez-vous.</strong></p>", "date_published": "2022-11-15T16:04:33.802Z", "date_created": "2022-11-15T14:35:22.351Z", "date_updated": "2022-11-17T12:44:39.289Z", "featured": "NOT FEATURED", "status": "PUBLISHED", "views": 4, "count_words": "50", "read_time": "1", "deleted": false}}, {"model": "blog.article", "pk": 5, "fields": {"category": 1, "title": "1er Forum Civic-Tech d'Afrique Francophone: les acteurs se retrouve à Abidjan", "slug": "1er-forum-civic-tech-dafrique-francophone-les-acteurs-se-retrouve-à-abidjan", "author": 1, "image": "article_pics/blog-4.jpg", "image_featured": "article-default.jpg", "image_credit": null, "lead_paragraph": "Plus de 120 acteurs de la civic tech se sont réunis à l’hôtel Pullman Abidjan pour échanger sur les enjeux liés à la civic tech en Afrique francophone.", "body": "<p>Plus de 120 acteurs de la civic tech se sont r&eacute;unis &agrave; l&rsquo;h&ocirc;tel Pullman Abidjan pour &eacute;changer sur les enjeux li&eacute;s &agrave; la civic tech en Afrique francophone.</p>", "date_published": "2022-11-15T15:49:42.067Z", "date_created": "2022-11-15T14:37:35.565Z", "date_updated": "2022-11-16T12:34:27.561Z", "featured": "NOT FEATURED", "status": "PUBLISHED", "views": 1, "count_words": "37", "read_time": "1", "deleted": false}}, {"model": "blog.article", "pk": 6, "fields": {"category": 2, "title": "Réunion Afrique et Moyen-Orient du PGO", "slug": "réunion-afrique-et-moyen-orient-du-pgo", "author": 1, "image": "article_pics/ogpmorocco.jpg", "image_featured": "article_pics/ogp_morroco_2022_G7nVV9k.jpg", "image_credit": "Malick Lingani", "lead_paragraph": "La rencontre Afrique et Moyen-Orient du PGO a réuni plus de 500 participants de plus 50 pays et 22 gouvernements locaux. Environ 36 ateliers et panels ont été tenus lors de ces 3 jours.", "body": "<p>La rencontre Afrique et Moyen-Orient du PGO a r&eacute;uni plus de 500 participants de plus 50 pays et 22 gouvernements locaux. Environ 36 ateliers et panels ont &eacute;t&eacute; tenus lors de ces 3 jours.</p>", "date_published": "2022-11-17T15:37:25.844Z", "date_created": "2022-11-17T15:17:31.967Z", "date_updated": "2022-11-25T17:12:34.450Z", "featured": "FEATURED", "status": "PUBLISHED", "views": 2, "count_words": "39", "read_time": "1", "deleted": false}}, {"model": "blog.profile", "pk": 1, "fields": {"user": 1, "image": "profile_pics/Malick_Lingani.jpg", "banner_image": "banner/lingani_cover_G1DaJU8.jpg", "job_title": "Manager", "bio": "Manager", "address": "Ouaga", "city": "Ouaga", "country": "Burkina Faso", "zip_code": "12345", "twitter_url": "#", "instagram_url": "#", "facebook_url": "#", "github_url": "#", "email_confirmed": false, "created_on": "2022-11-14T14:25:21Z", "updated_on": "2022-11-19T12:43:11.658Z"}}, {"model": "blog.profile", "pk": 2, "fields": {"user": 2, "image": "profile_pics/avatar.jpg", "banner_image": "banner/category-default.jpg", "job_title": "CEO", "bio": "CEO", "address": "Ouaga", "city": "Ouaga", "country": "Burkina Faso", "zip_code": "226", "twitter_url": "#", "instagram_url": "#", "facebook_url": "#", "github_url": "#", "email_confirmed": true, "created_on": "2022-11-19T12:37:46Z", "updated_on": "2022-11-19T12:44:42.979Z"}}]